-- MySQL dump 10.13  Distrib 5.7.20, for Linux (x86_64)
--
-- Host: localhost    Database: ciker-home
-- ------------------------------------------------------
-- Server version	5.7.20

/*!40101 SET @OLD_CHARACTER_SET_CLIENT=@@CHARACTER_SET_CLIENT */;
/*!40101 SET @OLD_CHARACTER_SET_RESULTS=@@CHARACTER_SET_RESULTS */;
/*!40101 SET @OLD_COLLATION_CONNECTION=@@COLLATION_CONNECTION */;
/*!40101 SET NAMES utf8 */;
/*!40103 SET @OLD_TIME_ZONE=@@TIME_ZONE */;
/*!40103 SET TIME_ZONE='+00:00' */;
/*!40014 SET @OLD_UNIQUE_CHECKS=@@UNIQUE_CHECKS, UNIQUE_CHECKS=0 */;
/*!40014 SET @OLD_FOREIGN_KEY_CHECKS=@@FOREIGN_KEY_CHECKS, FOREIGN_KEY_CHECKS=0 */;
/*!40101 SET @OLD_SQL_MODE=@@SQL_MODE, SQL_MODE='NO_AUTO_VALUE_ON_ZERO' */;
/*!40111 SET @OLD_SQL_NOTES=@@SQL_NOTES, SQL_NOTES=0 */;

--
-- Table structure for table `CH_ARTICLE`
--

DROP TABLE IF EXISTS `CH_ARTICLE`;
/*!40101 SET @saved_cs_client     = @@character_set_client */;
/*!40101 SET character_set_client = utf8 */;
CREATE TABLE `CH_ARTICLE` (
  `ARTICLE_ID` bigint(20) NOT NULL COMMENT '文档id',
  `CLASSIFY_ID` bigint(20) NOT NULL COMMENT '分类id',
  `ARTICLE_THEME` varchar(100) NOT NULL COMMENT '文档主题',
  `ARTICLE_TITLE` varchar(200) NOT NULL COMMENT '文档标题',
  `CONTENT` longtext COMMENT '文档主体',
  `CREATION_DATE` timestamp NULL DEFAULT CURRENT_TIMESTAMP COMMENT '创建时间',
  `CREATION_BY` bigint(20) DEFAULT NULL COMMENT '创建人',
  `LAST_UPDATE_DATE` timestamp NULL DEFAULT CURRENT_TIMESTAMP COMMENT '最后更新时间',
  `LAST_UPDATE_BY` bigint(20) DEFAULT NULL COMMENT '最后更新人',
  `STATUS` int(2) DEFAULT NULL COMMENT '文档状态 0 弃用 1 有效',
  `VIEWING_COUNT` bigint(20) DEFAULT '0' COMMENT '浏览量',
  `RECOMMEND` int(2) DEFAULT NULL COMMENT '1 推荐 0 不推荐',
  PRIMARY KEY (`ARTICLE_ID`)
) ENGINE=InnoDB DEFAULT CHARSET=utf8;
/*!40101 SET character_set_client = @saved_cs_client */;

--
-- Dumping data for table `CH_ARTICLE`
--

LOCK TABLES `CH_ARTICLE` WRITE;
/*!40000 ALTER TABLE `CH_ARTICLE` DISABLE KEYS */;
INSERT INTO `CH_ARTICLE` VALUES (1,123,'123','Java虚拟机内核揭秘','<p>盛大的</p>','2019-03-22 15:51:45',NULL,'2019-03-22 15:51:45',NULL,NULL,1,1),(321,123,'123','linux常用命令集合','<p>的撒</p>','2019-03-22 15:50:23',NULL,'2019-03-22 15:50:23',NULL,NULL,33,1),(2132,123,'123','Java多线程底层原理','<ol><li>多个线程同时读写，读线程的数量远远大于写线程，你认为应该如何解决并发的问题？你会选择加什么样的锁？</li><li>JAVA的AQS是否了解，它是干嘛的？</li><li>除了synchronized关键字之外，你是怎么来保障线程安全的？</li><li>Tomcat本身的参数你一般会怎么调整？</li><li>你有没有用过Spring的AOP? 是用来干嘛的? 大概会怎么使用？</li><li>如果一个接口有2个不同的实现, 那么怎么来Autowire一个指定的实现？</li><li>如果想在某个Bean生成并装配完毕后执行自己的逻辑，可以什么方式实现？</li><li>SpringBoot没有放到web容器里为什么能跑HTTP服务？</li><li>SpringBoot中如果你想使用自定义的配置文件而不仅仅是application.properties，应该怎么弄？</li><li>SpringMVC如果希望把输出的Object(例如XXResult或者XXResponse)这种包装为JSON输出, 应该怎么处理?</li><li>如果有很多数据插入MYSQL 你会选择什么方式?</li><li>如果查询很慢，你会想到的第一个方式是什么？索引是干嘛的?</li><li>查询死掉了，想要找出执行的查询进程用什么命令？找出来之后一般你会干嘛？</li><li>读写分离是怎么做的？你认为中间件会怎么来操作？这样操作跟事务有什么关系？</li><li>分库分表有没有做过？线上的迁移过程是怎么样的？如何确定数据是正确的？</li><li>你知道哪些或者你们线上使用什么GC策略? 它有什么优势，适用于什么场景？</li><li>JAVA类加载器包括几种？它们之间的父子关系是怎么样的？双亲委派机制是什么意思？有什么好处？</li><li>如何自定义一个类加载器？你使用过哪些或者你在什么场景下需要一个自定义的类加载器吗？</li><li>堆内存设置的参数是什么？</li><li>HashMap和Hashtable的区别。</li><li>实现一个保证迭代顺序的HashMap。</li><li>说一说排序算法，稳定性，复杂度。</li><li>说一说GC。</li><li>JVM如何加载一个类的过程，双亲委派模型中有哪些方法？</li><li>TCP如何保证可靠传输？三次握手过程？</li></ol><p>京东面试题</p><p><br></p><p><br></p><ol><li>java常用的数据结构有哪些?哪些是线程安全的?是怎么保证线程安全的？</li><li>Redis中的Lua有没有使用过? 可以用来做什么? 为什么可以这么用?</li><li>线程池内部工作原理可以说一下么？</li><li>死锁是什么意思，形成条件是什么？出现死锁是可以通过什么方式去排查。</li><li>在交易过程中如何放在用户在支付时的重复支付（交叉支付），请写出你了解的方案或使用的过的方案。</li><li>数据库索引有哪几种，他们之间的区别。</li><li>程序开发时通过开发工具DeBug调试时，控制台显示的内容都包含什么？哪些内容可以帮助你发现问题和解决问题。</li><li>RPC通信过程中，假设A系统提供了一个方法入参是一个JavaBean，出参也是一个JavaBean。另外两个系统B系统、C系统调用接口，调用方B想让提供方A增加一个返回参数，假设服务提供方A增加了返回参数，请问C系统调用方需要做什么处理？</li><li>了解哪些设计模式，用伪代码实现一个你熟悉的设计模式。</li><li>讲一下怎么使用分布式锁。</li><li>说说HashMap的原理, 以及HashMap如何扩充bucket的大小。</li><li>Redis的Pipeline是用来干什么的?</li><li>Mysql索引的分类(Btree, hash)，各自使用什么情况 。</li><li>说说Myisam, Innodb区别。</li><li>知道哪些负载均衡算法。</li><li>说一下Btree的查找原理。</li><li>简述三次握手，如果c端发起握手请求，s端无法立刻建立连接应该回应什么？</li></ol><p>去哪儿网面试题</p><p><br></p><p><br></p><ol><li>自我介绍，项目介绍。</li><li>mysql数据库调优。</li><li>sql优化。</li><li>like能用索引吗？</li><li>java对象四种引用。</li><li>GC原理。</li><li>jvm内存结构。</li><li>说一下你学过jvm 在书写代码上对你有什么帮助和提高。</li><li>千万数据量的查询你会怎么做？</li><li>HashMap在jdk1.7和1.8的区别，为什么引入这个概念？hash碰撞怎么解决，为什么1.8要比1.7更好，好在哪？</li><li>关于你的项目，如果并发很大，你会怎么改造。</li><li>方法区里什么样的对象有可能被回收。</li><li>线上cpu飙升100%你怎么处理。</li><li>频繁FullGC怎么处理。</li><li>线程池创建有几种，为什么创建定长的线程池个数最好是5，10，15这样的数字。</li><li>linux命令。</li><li>伊甸区和幸存区可动态变化吗？</li><li>redis和memcached区别。</li><li>说几个jdk命令，jmap是什么意思。</li><li>如果并发很大，你对数据的正确性怎么保证。</li></ol><p>饿了么面试题</p><p><br></p><p><br></p><ol><li>http和https的区别，https原理，http2.0与1.0的区别。</li><li>Java的垃圾回收机制，Java文件加载机制，tomcat类加载机制，锁机制，jvm原理及线上调优，jvm内存模型。</li><li>多线程，有哪些可以保持进程同步的方法，创建线程的几种方法，对i++多线程访问你会怎么做。</li><li>Java的设计模式，单例有什么模式，懒汉为什么加volotile，volotile的内存屏障，如何避免死锁。</li><li>考虑单例模式的编写，要线程安全且内存消耗小（剑指offer原题）。</li><li>String、StringBuilder、StringBuffer区别；String类能被继承吗？为什么？</li><li>在白纸上手写二分法排序算法（lintcode上原题）；二分查找的思想。</li><li>查找单链表中倒数第k个节点的算法，手写（lintcode上原题）；最常见的排序算法你见过哪些，快排的基本思想及时间复杂度。</li><li>常见的数据结构有哪些。</li><li>hashmap、hashcode一样，不equals怎么处理 ；hashcode实现原理，currentHashMap原理，实现细节，怎么实现同步的；类为什么要有hascode方法，是不是主要在集合类中都要实现hashcode方法；equals方法怎么实现；两个不同的对象可能有相同的hashcode值吗；常用集合有哪些。</li><li>tcp三次握手，四次挥手协议。</li><li>架构设计一个开发性问题，设计一个Nginx管理的中间件，怎么设计。</li><li>所有的类都继承与object，你用过object类的直接子类有哪些，object类常用的方法有哪些。</li><li>Java会出现内存泄漏吗，如果回，在哪种情况下？</li><li>抽象类和接口的区别。</li><li>平时怎么扩展自己的专业知识水平。</li></ol><p>百度面试题</p><p><br></p><p><br></p><ol><li>什么是 Java 的反射机制。</li><li>Cookie 和 Session的区别。</li><li>get 和 post请求的区别。</li><li>IOC的优点是什么。</li><li>IO 和 NIO的区别，NIO优点。</li><li>JRE、JDK、JVM 及 JIT 之间有什么不同。</li><li>Hashcode 的作用。</li><li>简述一致性 Hash 算法。</li><li>为什么在重写 equals 方法的时候需要重写 hashCode 方法？equals与 hashCode 的异同点在哪里。</li><li>为什么 Map 接口不继承 Collection 接口。</li><li>说出几点 Java 中使用 Collections 的最佳实践？</li><li>GC是什么？为什么要有GC。</li><li>什么时候会导致垃圾回收。</li><li>GC 有几种方式？怎么配置。</li><li>什么时候一个对象会被GC？ 如何判断一个对象是否存活。</li><li>垃圾回收器的基本原理是什么？</li><li>Serial 与 Parallel GC之间的不同之处。</li><li>JVM 中一次完整的 GC 流程是怎样的？ 对象如何晋升到老年代。</li><li>吞吐量优先和响应优先的垃圾收集器选择。</li><li>说说你知道的几种主要的jvm 参数。</li><li>Java中存在内存泄漏问题吗？请举例说明。</li><li>什么是线程，多线程的优点是什么？以及简单说一下多线程的几种实现方式。</li><li>ThreadLocal 用途是什么，原理是什么，用的时候要注意什么?</li><li>线程池是什么？为什么要使用它？如何创建一个Java线程池？</li><li>ThreadPool用法与优势可以说一下么？</li><li>synchronized 的原理是什么？synchronized 和 ReentrantLock 有什么不同？</li><li>有T1，T2，T3三个线程，怎么确保它们按顺序执行？怎样保证T2在T1执行完后执行，T3在T2</li><li>行完后执行同步块内的线程抛出异常会发生什么？</li><li>什么是乐观锁（Optimistic Locking）？如何实现乐观锁？如何避免ABA问题。</li><li>Java中活锁和死锁有什么区别？</li><li>Executors类是什么？ Executor和Executors的区别？</li><li>什么是设计模式（Design Patterns）？你用过哪种设计模式？用在什么场合？</li><li>你能写出三种单例模式实现么？</li><li>你知道Google是如何在一秒内把搜索结果返回给用户？</li><li>高并发下，如何做到安全的修改同一行数据？</li><li>如何避免浏览器缓存。</li><li>大型网站在架构上应当考虑哪些问题？</li><li>最近有在看什么书么，印象最深刻的是什么？</li><li>你们线上应用的 JVM 参数有哪些？</li><li>能简单说下你对算法的理解么？</li></ol><p>面试心得</p><p>准备要充分，知识面要尽量的广，同时深度也要够。</p><p>面试安排上，如果不着急，尽量给自己留多时间，两天一家，及时做总结和补充。</p><p>心态要放平，当做一次技术交流，面试要看一部分的运气，也要看一些眼缘，有的面试官一张嘴你就能感觉到你这次面试完了。想去的公司没有面试好，不要气馁，继续加油准备。</p><p>简历投递方面，拉勾上投了很多经常不匹配，可能是我学历问题(自考本)，有一些打击自信心，如果有同样感受的，不妨换BOSS或者其他平台。避免打击自信心。</p><p>写简历一定要体现自己的优势，最好能体现类似于，用到了什么技术，解决了什么问题。简历上写到的一定要胸有成竹。</p><p>类似于你的优势是什么，你觉得你项目中做的比较好的地方有哪些，你能给公司带来什么，这种问题心里要先想一些，免得临场发挥容易紧张说不好。</p><p>我所经历的面试，一般技术面最少是两轮。如果一轮后让你走了，而你还自我感觉良好，那我觉得你有必要回顾一下面试内容，并一条一条找找该问题的相关内容，大部分问题就在于你没有答到点子上，可能是深度不够，也可能是扩展不够，继续加油。</p><div><br></div>','2019-03-22 15:43:07',NULL,'2019-03-22 15:43:07',NULL,NULL,21,NULL),(2221,123,'123','数据结构之图结构','<p>的撒旦</p>','2019-03-22 15:52:10',NULL,'2019-03-22 15:52:10',NULL,NULL,2,NULL),(2312,2131,'sdasda','数据结构之树结构','sdsdasd','2019-03-22 08:03:33',NULL,'2019-03-22 08:03:33',NULL,NULL,12,NULL),(23112,123,'123','数据结构之序列','<p>打法</p>','2019-03-22 15:46:03',NULL,'2019-03-22 15:46:03',NULL,NULL,5,NULL),(2312421,123,'123','算法之冒泡排序算法','<p>大苏打</p>','2019-03-22 15:47:17',NULL,'2019-03-22 15:47:17',NULL,NULL,0,NULL);
/*!40000 ALTER TABLE `CH_ARTICLE` ENABLE KEYS */;
UNLOCK TABLES;

--
-- Table structure for table `CH_ARTICLE_COMMENT`
--

DROP TABLE IF EXISTS `CH_ARTICLE_COMMENT`;
/*!40101 SET @saved_cs_client     = @@character_set_client */;
/*!40101 SET character_set_client = utf8 */;
CREATE TABLE `CH_ARTICLE_COMMENT` (
  `COMMENT_ID` bigint(20) NOT NULL AUTO_INCREMENT COMMENT '评论id',
  `COMMENT_CONTENT` longtext COMMENT '评论主体',
  `COMMENTATOR` bigint(20) DEFAULT NULL COMMENT '评论人',
  `COMMENTATOR_IP` varchar(100) DEFAULT NULL COMMENT '评论者ip',
  `ARTICLE_ID` bigint(20) NOT NULL COMMENT '评论所属文章',
  `COMMENT_DATE` timestamp NULL DEFAULT CURRENT_TIMESTAMP COMMENT '评论时间',
  PRIMARY KEY (`COMMENT_ID`)
) ENGINE=InnoDB AUTO_INCREMENT=21123176 DEFAULT CHARSET=utf8;
/*!40101 SET character_set_client = @saved_cs_client */;

--
-- Dumping data for table `CH_ARTICLE_COMMENT`
--

LOCK TABLES `CH_ARTICLE_COMMENT` WRITE;
/*!40000 ALTER TABLE `CH_ARTICLE_COMMENT` DISABLE KEYS */;
INSERT INTO `CH_ARTICLE_COMMENT` VALUES (21123136,'啊大苏打',0,'0:0:0:0:0:0:0:1',1,'2019-03-24 06:34:46'),(21123137,'啊大苏打',0,'0:0:0:0:0:0:0:1',1,'2019-03-24 06:35:27'),(21123138,'啊大苏打',0,'0:0:0:0:0:0:0:1',1,'2019-03-24 06:37:28'),(21123139,'sdasd',0,'0:0:0:0:0:0:0:1',1,'2019-03-24 08:45:51'),(21123140,'sdasd',0,'0:0:0:0:0:0:0:1',1,'2019-03-24 08:45:59'),(21123141,'sdada ',0,'0:0:0:0:0:0:0:1',1,'2019-03-24 08:47:04'),(21123142,'撒上课打瞌睡的是',0,'0:0:0:0:0:0:0:1',1,'2019-03-24 08:47:16'),(21123143,'沙威啊',0,'0:0:0:0:0:0:0:1',1,'2019-03-24 08:48:07'),(21123144,'AKD',0,'0:0:0:0:0:0:0:1',1,'2019-03-24 08:49:11'),(21123145,'SLDAHSDA ',0,'0:0:0:0:0:0:0:1',2132,'2019-03-24 08:49:35'),(21123146,'这是一个测试',0,'0:0:0:0:0:0:0:1',2132,'2019-03-24 08:51:53'),(21123147,'撒旦发送的地方',0,'0:0:0:0:0:0:0:1',23112,'2019-03-24 09:03:32'),(21123148,'撒旦啊',0,'0:0:0:0:0:0:0:1',1,'2019-03-24 09:03:47'),(21123149,'水擦拭大',0,'0:0:0:0:0:0:0:1',1,'2019-03-24 09:03:55'),(21123150,'大撒大撒',0,'0:0:0:0:0:0:0:1',1,'2019-03-24 09:03:58'),(21123151,'撒旦撒旦',0,'0:0:0:0:0:0:0:1',1,'2019-03-24 09:04:00'),(21123152,'实打实打算',0,'0:0:0:0:0:0:0:1',1,'2019-03-24 09:04:02'),(21123153,'大撒大撒',0,'0:0:0:0:0:0:0:1',1,'2019-03-24 09:04:05'),(21123154,'实打实打算',0,'0:0:0:0:0:0:0:1',1,'2019-03-24 09:04:08'),(21123155,'萨达萨达',0,'0:0:0:0:0:0:0:1',1,'2019-03-24 09:04:12'),(21123156,'萨达萨达',0,'0:0:0:0:0:0:0:1',1,'2019-03-24 09:04:15'),(21123157,'大撒大撒大撒',0,'0:0:0:0:0:0:0:1',1,'2019-03-24 09:04:18'),(21123158,'的撒大苏打',0,'0:0:0:0:0:0:0:1',1,'2019-03-24 09:04:21'),(21123159,'大飒飒大苏打',0,'0:0:0:0:0:0:0:1',1,'2019-03-24 09:04:24'),(21123160,'萨达萨达是',0,'0:0:0:0:0:0:0:1',1,'2019-03-24 09:04:27'),(21123161,'实打实打算',0,'0:0:0:0:0:0:0:1',1,'2019-03-24 09:04:31'),(21123162,'萨达萨达',0,'0:0:0:0:0:0:0:1',1,'2019-03-24 09:04:34'),(21123163,'大苏打',0,'0:0:0:0:0:0:0:1',23112,'2019-03-24 09:05:43'),(21123164,'撒打算',0,'0:0:0:0:0:0:0:1',23112,'2019-03-24 09:05:49'),(21123165,'萨达萨达',0,'0:0:0:0:0:0:0:1',23112,'2019-03-24 09:06:07'),(21123166,'撒旦发送',0,'0:0:0:0:0:0:0:1',23112,'2019-03-24 09:08:10'),(21123167,'萨达萨达',0,'0:0:0:0:0:0:0:1',23112,'2019-03-24 09:11:43'),(21123168,'萨达萨达',0,'0:0:0:0:0:0:0:1',23112,'2019-03-24 09:11:47'),(21123169,'萨达萨达',0,'0:0:0:0:0:0:0:1',1,'2019-03-24 09:17:28'),(21123170,'实打实flash开发商法律附近ask了',0,'0:0:0:0:0:0:0:1',2132,'2019-03-24 13:38:48'),(21123171,'发射点发射点',0,'0:0:0:0:0:0:0:1',2132,'2019-03-24 13:59:08'),(21123172,'萨达萨达',0,'0:0:0:0:0:0:0:1',321,'2019-03-24 14:07:17'),(21123173,'实打实 ',0,'0:0:0:0:0:0:0:1',2221,'2019-03-24 14:07:27'),(21123174,'',0,'0:0:0:0:0:0:0:1',2221,'2019-03-24 14:07:29'),(21123175,'f ef  ',0,'0:0:0:0:0:0:0:1',321,'2019-03-24 16:29:33');
/*!40000 ALTER TABLE `CH_ARTICLE_COMMENT` ENABLE KEYS */;
UNLOCK TABLES;

--
-- Table structure for table `CH_ARTICLE_LIKE`
--

DROP TABLE IF EXISTS `CH_ARTICLE_LIKE`;
/*!40101 SET @saved_cs_client     = @@character_set_client */;
/*!40101 SET character_set_client = utf8 */;
CREATE TABLE `CH_ARTICLE_LIKE` (
  `LIKE_ID` bigint(20) NOT NULL COMMENT '点赞id',
  `LIKE_NUMBER` int(10) DEFAULT NULL COMMENT '点赞数',
  `LIKE_PERSON` bigint(20) DEFAULT NULL COMMENT '点赞人',
  `LIKE_PERSON_IP` varchar(100) DEFAULT NULL COMMENT '点赞人ip',
  `ARTICLE_ID` bigint(20) NOT NULL COMMENT '获赞文章',
  `LIKE_DATE` timestamp NULL DEFAULT CURRENT_TIMESTAMP COMMENT '点赞时间',
  PRIMARY KEY (`LIKE_ID`)
) ENGINE=InnoDB DEFAULT CHARSET=utf8;
/*!40101 SET character_set_client = @saved_cs_client */;

--
-- Dumping data for table `CH_ARTICLE_LIKE`
--

LOCK TABLES `CH_ARTICLE_LIKE` WRITE;
/*!40000 ALTER TABLE `CH_ARTICLE_LIKE` DISABLE KEYS */;
/*!40000 ALTER TABLE `CH_ARTICLE_LIKE` ENABLE KEYS */;
UNLOCK TABLES;

--
-- Table structure for table `CH_BULLETIN`
--

DROP TABLE IF EXISTS `CH_BULLETIN`;
/*!40101 SET @saved_cs_client     = @@character_set_client */;
/*!40101 SET character_set_client = utf8 */;
CREATE TABLE `CH_BULLETIN` (
  `BULLETIN_ID` bigint(20) NOT NULL AUTO_INCREMENT COMMENT '公告id',
  `BULLETIN_CONTENT` varchar(200) NOT NULL COMMENT '公告内容',
  `CREATE_BY` bigint(20) DEFAULT NULL COMMENT '创建者',
  `CREATE_DATE` timestamp NULL DEFAULT CURRENT_TIMESTAMP COMMENT '创建时间',
  `IS_BULLETIN` int(11) DEFAULT '0' COMMENT '是否发布 0 不发布 1 发布',
  PRIMARY KEY (`BULLETIN_ID`)
) ENGINE=InnoDB AUTO_INCREMENT=3 DEFAULT CHARSET=utf8;
/*!40101 SET character_set_client = @saved_cs_client */;

--
-- Dumping data for table `CH_BULLETIN`
--

LOCK TABLES `CH_BULLETIN` WRITE;
/*!40000 ALTER TABLE `CH_BULLETIN` DISABLE KEYS */;
INSERT INTO `CH_BULLETIN` VALUES (1,'这是一个公告 这是一个公告 这是一个公告 这是一个公告',23142,'2019-03-24 15:16:04',1),(2,'测试测试测试测试测试测试测试测试测试测试测试测试测试',122,'2019-03-24 15:16:24',0);
/*!40000 ALTER TABLE `CH_BULLETIN` ENABLE KEYS */;
UNLOCK TABLES;

--
-- Table structure for table `CH_CLASSIFY_INFO`
--

DROP TABLE IF EXISTS `CH_CLASSIFY_INFO`;
/*!40101 SET @saved_cs_client     = @@character_set_client */;
/*!40101 SET character_set_client = utf8 */;
CREATE TABLE `CH_CLASSIFY_INFO` (
  `CLASSIFY_ID` bigint(20) NOT NULL COMMENT '分类id',
  `PARENT_ID` bigint(20) DEFAULT '0' COMMENT '父分类id',
  `CLASSIFY_NAME` varchar(100) DEFAULT NULL COMMENT '分类名',
  PRIMARY KEY (`CLASSIFY_ID`)
) ENGINE=InnoDB DEFAULT CHARSET=utf8;
/*!40101 SET character_set_client = @saved_cs_client */;

--
-- Dumping data for table `CH_CLASSIFY_INFO`
--

LOCK TABLES `CH_CLASSIFY_INFO` WRITE;
/*!40000 ALTER TABLE `CH_CLASSIFY_INFO` DISABLE KEYS */;
/*!40000 ALTER TABLE `CH_CLASSIFY_INFO` ENABLE KEYS */;
UNLOCK TABLES;

--
-- Table structure for table `CH_DICTIONARY`
--

DROP TABLE IF EXISTS `CH_DICTIONARY`;
/*!40101 SET @saved_cs_client     = @@character_set_client */;
/*!40101 SET character_set_client = utf8 */;
CREATE TABLE `CH_DICTIONARY` (
  `DICTIONARY_NAME` varchar(50) NOT NULL COMMENT '名称',
  `DICTIONARY_VALUE` varchar(100) NOT NULL COMMENT '值',
  PRIMARY KEY (`DICTIONARY_NAME`)
) ENGINE=InnoDB DEFAULT CHARSET=utf8;
/*!40101 SET character_set_client = @saved_cs_client */;

--
-- Dumping data for table `CH_DICTIONARY`
--

LOCK TABLES `CH_DICTIONARY` WRITE;
/*!40000 ALTER TABLE `CH_DICTIONARY` DISABLE KEYS */;
/*!40000 ALTER TABLE `CH_DICTIONARY` ENABLE KEYS */;
UNLOCK TABLES;

--
-- Table structure for table `CH_IMAGE`
--

DROP TABLE IF EXISTS `CH_IMAGE`;
/*!40101 SET @saved_cs_client     = @@character_set_client */;
/*!40101 SET character_set_client = utf8 */;
CREATE TABLE `CH_IMAGE` (
  `IMAGE_ID` bigint(20) NOT NULL AUTO_INCREMENT COMMENT '图片id',
  `IMAGE_TITLE` varchar(100) NOT NULL COMMENT '图片标题',
  `IMAGE_CONTENT` blob NOT NULL COMMENT '图片主体',
  `CREATE_BY` bigint(30) DEFAULT NULL COMMENT '创建者',
  `CREATE_DATE` timestamp NOT NULL DEFAULT CURRENT_TIMESTAMP COMMENT '创建时间',
  `IS_RELEASE` int(5) DEFAULT '0' COMMENT '0 不发布 1 发布',
  PRIMARY KEY (`IMAGE_ID`)
) ENGINE=InnoDB AUTO_INCREMENT=5 DEFAULT CHARSET=utf8;
/*!40101 SET character_set_client = @saved_cs_client */;

--
-- Dumping data for table `CH_IMAGE`
--

LOCK TABLES `CH_IMAGE` WRITE;
/*!40000 ALTER TABLE `CH_IMAGE` DISABLE KEYS */;
INSERT INTO `CH_IMAGE` VALUES (1,'数据结构','data:image/png;base64,iVBORw0KGgoAAAANSUhEUgAABmwAAAMiCAIAAADsC3tYAAAAAXNSR0IArs4c6QAAAARnQU1BAACxjwv8YQUAAAAJcEhZcwAADsMAAA7DAcdvqGQAAE50SURBVHhe7d1bgto6FgXQO64MiPHUaGoyGUw3NvuAARtVEQx+rPXRobaFsSVBSafJzX//AwAAAAAeUkQDAAAAgAZFNAAAAABoUEQDAAAAgAZFNAAAAABoUEQDAAAAgAZFNAAAAABoUEQDAAAAgAZFNAAAAABoUEQDAAAAgAZFNAAAAABoUEQDAAAAgAZFNAAAAABoUEQDAAAAgAZFNAAAAABoUEQDAAAAgAZFNAAAAABoUEQDAAAAgAZFNAAAAABoUEQDAAAAgAZFNAAAAABoUEQDAAAAgAZFNAAAAABoUEQDAAAAgAZFNAAAAABoUEQDAAAAgAZFNAAAAABoUEQDAAAAgAZFNAAAAABoUEQDAAAAgAZFNAAAAABoUEQDAAAAgAZFNAAAAABoUEQDAAAAgAZFNAAAAABoUEQDAAAAgAZFNAAAAABoUEQDAAAAgAZFNAAAAABoUEQDAAAAgAZFNAAAAABoUEQDAAAAgAZFNAAAAABoUEQDAAAAgAZFNAAAAABoUEQDAAAAgAZFNAAAAABoUEQDAAAAgAZFNABo+A/+s2QCANg7K0IAaEgRhX3LbAAAYK+sCAGgIUUU9i2zAQCAvbIiBICGFFHYt8wGAAD2yooQABpSRGHfMhsAANgrK0IAaEgRpSRl6zLeJSkAAHtlRQgADSmilKRsXca7JAUAYK+sCAGgIUWUkpSty3iXpAAA7JUVIQA0pIhSkrJ1Ge+SFACAvbIiBICGFFFKUrYu412SAgCwV1aEANCQIkpJytZlvEtSAAD2yooQABpSRClJ2bqMd0kKAMBeWRECQEOKKCUpW5fxLkkBANgrK0IAaEgRpSRl6zLeJSkAAHtlRQgADSmilKRsXca7JAUAYK+sCAGgIUWUkvQFvg9/vv4e//z79ee/w/fpwSn5Pvx3enDl3K47PuHytK713UnGT3yXX15px9KjJSkAAHtlRQgADSmilKSv8H3oS1UpWV3VyMZKWFcNxmphw/j8uHvWpHqZ6xNOnH5n0kUlKQAAe2VFCAANKaKUpK/xfThXz+p7aX0N69rh+7oSdji0imhTZbCf5HcvfzL6vC3LfZekAADslRUhADSkiFKS/rPxb4j9+fr7ffke2uW7Z53LTxN1rqO+1HU+Q/eMq+LXsFh2cn2qP19fx58vL1nun7d96ZKSFACAvbIiBICGFFFK0hfpqlOHw6DU1Re16qe/9R9J610V0cZqWqe4a3bWte9POeZ8jnOx7fKC3ZMuxbSJF9y0dFJJCgDAXlkRAkBDiigl6T87lba6OtVV1ev0lzVP5atL1ax3+rH7G6BXNa2bVjGeTkiZ7dK+e/awaqaIZskEALB3VoQA0JAiSkn6Kl396qbYda5/3dXKOt2RFL1G9c84Nv5xBe3Y+PCnq5l9nV+uf+HvwdfgFNEsmQAA9s6KEAAaUkQpSf/ZaCHsVPk6VdGG3warqlYaXNW0zjW3s6q39Y4NR1/q/Lc5u3/R4FQ/Oz6vy/LH8MzHM/y8KLcR6aWSFACAvbIiBICGFFFK0le4Kn9d/ZCy131trE/6B1/H/7nXHe8OXz33quYWlR0bH/8ctLhq3F3H8URX17YXpw49SwoAwF5ZEQJAQ4ooJekLdBWqo3NdbFjo6o/d1K2qlHVqe/leWpksdV3VxaKy7j+xNmyRixoae60dyN2XpAAA7JUVIQA0pIhSkr5OylaDIlWfdP++wHXtK0Wy1NvuS2ZXSffDyc2/QxDX2ViLgfvX2oF0X0kKAMBeWRECQEOKKCXpSwzqZ33RKyWyqqj1jy/FrVMpqwpap4a3zmcY1sTyMrd+XETrzvioxrZN6aWSFACAvbIiBICGFFFK0n/WV7ZuSlN9diqglS46Vc46g2+VVTHt4j6JsRLZdTbSonvhs7un70BuvSQFAGCvrAgBoCFFlJKUrct4l6QAAOyVFSEANKSIUpKydRnvkhQAgL2yIgSAhhRRSlK2LuNdkgIAsFdWhADQkCJKScrWZbxLUgAA9sqKEAAaUkQpSdm6jHdJCgDAXlkRAkBDiiglKVuX8S5JAQDYKytCAGhIEaUkZesy3iUpAAB7ZUUIAA0popSkbF3GuyQFAGCvrAgBoCFFlJKUrct4l6QAAOyVFSEANKSIUpKydRnvkhQAgL2yIgSAhhRRSlK2LuNdkgIAsFdWhADQkCJKScrWZbxLUgAA9sqKEAAaUkQpSdm6jHdJCgDAXlkRAkBDiiglKVuX8S5JAQDYKytCAGhIEaUkZesy3iUpAAB7ZUUIAA0porBvmQ0AAOyVFSEANKSIwr5lNgAAsFdWhADQkCIK+5bZAADAXlkRAkBDiijsW2YDAAB7ZUUIAA0porBvmQ0AAOyVFSEAsDWpe6l8AQDwOhaXAPBhqfeo+LxIenMgBwAA4B9YVgLAJ6XMU5LyD9KVd3IYAACeYkEJAJ+R0s61HOMfpCsnpBEAAPySpSQAvFvKOWPSgn+T3nwoTQEA4GesIAHgrVLCGZMWvEi69aE0BQCAFmtHAHiTlG0mpBGvlv59KE0BAGCaVSMAvEOqNWPSgjmlrx9KUwAAGGO9CADzSoVmQhrxFun0h9IUAACuWSkCwIxSmBmTFrxdBuChNAUAgGKNCACzSDFmTFrwURmMh9IUAAAU0QBgDqnBjEkLliGj8lCaAgCwb9aFAPBKqbuMSQsWKYM0Le0AANgrK0IAeJmUW8akBcuW0ZqWdgAA7I+1IAC8QEosY9KC9cjIPZSmAADshiUgAPyrlFXGpAUrlCF8KE0BANgBiz8AeF5KKWPSgpXLcD6UpgAAbJplHwA8KRWUMWnBVmRcH0pTAAA2yoIPAH4tVZMxacEWZYwfSlMAADbHUg8AfifFkjFpwaZlsB9KUwAANsQiDwB+KgWSMWnBbmTgH0pTAAA2wfIOAH4kdZExacH+ZAY8lKYAAKychR0ANKQWMiYt2L1MiGlpBwDAalnSAcAjKYGMSQsomRnT0g4AgBWymAOAcSl7jEkLGJNZ8lCaAgCwHtZwADAipY4xaQEPZbo8lKYAAKyB1RsAXEl5Y0xawI9l6jyUpgAALJt1GwBEShoT0gh+L3PooTQFAGCprNgAoJNKxpi0gH+T+fRQmgIAsDzWagDsXaoXE9IIXiQT66E0BQBgSazSANi1FC3GpAXMIJPsoTQFAGAZrM8A2KkUKiakEcwps+2hNAUA4NOszADYo9QnxqQFvFEm37S0AwDgc6zJANiX1CTGpAV8SCbitLQDAOATrMYA2JGUIsakBXxaZuRDaQoAwBtZhAGwC6k9jEkLWJLMzofSFACAt7D8AmD7UnIYkxawSJmmD6UpAAAzs/ACYMtSZhiTFrB4mbIPpSkAALOx5AJgs1JdGJMWsB6Zuw+lKbxdpiAbkqEFYMCHIwAblB3AmLSAdco8fihN4Y0y+diQDC0AAz4cAdiaLP/HpAWsXCb0Q2kKb5Fpx4ZkaAEY8OEIwHZk4T8mLWBDMrmnpR3ML3OODcnQAjDgwxGAjciqf0xawEZlot/JYZhf5hwbkqEFYMCHIwCrl/X+mLSAHcikH8gBmF/mXEnKqmTwSlIABnw4ArBuWeyPSQvYk8x+85/3yrQrSVmVDF5JCsCAD0cA1irL/DFpAcBb5MO3JGVVMnglKQADPhwBWKWs8cekBTyU6QLTMlf4gXRZScqqZPBKUgAGfDgCsDJZ3Y9JC/iBTBqYlrnCD6TLSlJWJYNXkgIw4MMRgDXJ0n5MWsDPZN7AtMwVfiBdVpKyKhm8khSAAR+OAKxDFvVj0gJ+I7MHpmWuMC09dSeHWZUMXkkKwIAPRwBWICv6MWkBv5QJBNMyV3Yv3fEbeSarksErSQEY8OEIwApkRX8tx+ApmUYlKfuW2VCS7kPu+UVyUlYlg1eSAjDgwxGAFciKfiAH4FmZSSUp+5bZUJJuSG5sfnm9n/r79ee/w3d+eKRr+LOW8X34VfN9y+CVpAAM+HAEYB2yqLes50Uyn0pS9i2zoSRdm1z9R+VSfu778KA4djz45+vv6XFXRjv/0HjekSLaL2TwSlIABnw4AmxBFrwsT0aI5ckIlaTsW2ZDSbpIucRPy9X8uuv6b5S1TBTOhl9bGz7+4VmPBkU4BtI9JSkAAz4cAbYgC16WJyPE8mSESlL2LbOhJP2cXMen5WoeStOSdNJ1Wazppvn562Xt0/gm2i9k8EpSAAZ8OAJsQRa8LE9GiOXJCJWk7FtmQ0k6s7zYp+VqnpWzlKSTfllEu/4bnWf3Z+n+dmfLr153V9JBJSkAAz4cAbYgC16WJyPE8mSESlL2LbOhJH2FnPHTcjUzyAuUpJN+XUTrn3HznbKuYtb6mplvov1CBq8kBWDAhyPAFmTBy/JkhFiejFBJ+jGDCsHoV25ObisPVUTo/rx9zuhpps49WtKYanyTjxQ3ViuzoST9sTzt03I175XXLkknjc64hm6aD2ba/Sm6Bj+ksDYmnVOSAjDgwxFgC7LgLUn5hIxBScryZIRK0o8ZVKKmalcjRwbPuqsoXDWu8sPEuc9xd5ZJVXe4PsnEKdcpd1qSXsuxT8vVLEYuqySddF8B+4max0f9VK0pOaGfm1++ivZjGbySFIABH44AW5AFb0nKJ2QMSlKWJyNUkr5TVxC4kq3+XZ5aw6BiVq6i0/Nufjw9ty8mXD0YGg2PfpIfH48Zfd4K5PLLffJmp6tahVxxSTqpmzjP1LZSfOue3phkl2l69ehorbNzfv3QXSQFYMCHI8AWZMFbkvIJGYOSlOXJCJWkHzMoh122/FeO8anBbUmgXEoS/ckOfbPuWV/HH8d15zmfN+WJ/gy9ywuV6xfsv+QzUgm5f95q5M7eK6+9crmZknRKN5OenCTdPD26n3cDpzaXF8hzaqb/XefsnF/fSRdJARjw4QiwBVnwlqR8QsagJGV5MkIl6cf0da9TWWC0BnUMz6WuP1/fVUcYbdudqy9wnQ519YqqONy1r+pCr2vVtR51ft7p9Mcf+kvpw+FLjLzIeuReZ5AX2K7cZ0k6oZswT8yRzNZ6A4yeoW9zPDIx1S/TlHtd7w4kBWDAhyPAFmTBW5LyCRmDkpTlyQiVpB/T7fCzvx+rQXVFh7iqAgzbpsJQlbUcGpz4aOzcR9eNGnItl/bds4dnnXiRNejv7Hk5yy6lC0rSUd0M+uUMyaS7m/2dy6mGJz7NwrwpLs8bPRFx6puzpAAM+HAE2IIseEtSPiFjUJKyPBmhkvSdan9/ln19bfPPzvv94zPGighxU5Y4FRHyQxkNb0/70N+vw5+rL7qdzvl9/lbaxIusQ7qy3CdHp5bcSO+UpGN+NT+OjTuPJuhdoayTcK0T8UP6frxICsCAD0eALciCtyTlEzIGJSnLkxEqST+m2/OnCDBVY/j7dRiUqTrHJ0wXJM5HqsZwrz9+dfiY5Ny38irfh6qfHZ/XZfljeAfHMzyqeSxZbrYk5QfSZSUpq5LBK0kBGPDhCLAFWfCWpI91O95si3vdzrnb+HZ/DvPOeTc+NBoe3Z64N9X4Jr9sw1crY1CSsjwZoZL0YwZzf/zdckwvLu+SwfNu3j6jp7kPu2ddfYln7HmVHRsf/xy0uGp8/KE70c11rMqpe8+S8gPpspKUVcnglaQADPhwBNiCLHhL0ofuNso3e/Grg2Mb5fsznJzj0958Qm2xr08yccpVyQ2WpCxPRqgk/ZjBG3D0fXAMx/9uWneg/8+gHR2+B//u4NRpWu+xsSaVfR+u3/vHR7dO/9H3eoevTW6iJOUH0mUlKauSwStJARjw4QiwBVnwlqQPjHxV5Co6bY1vfjxtm8/758tGemA0PPpJfnw8ZvR5y5WrLklZnoxQSfpG9xM+77j7A8M3QV+dHgan5kkG76jBw4vRcFjyHv8HP6+ziZOUkY+X1UgvlKT8QLqsJGVVMnglKQADPhwBtiAL3pJ02nEPfNrjXjbDx0cDlx1wvx8+9M26Z32d99q3uvOcz9s962qXfXmhcv2C/X9maWTjff+8pcsNlaQsT0aoJP2YQeVpYtan0HU5dPseOuZdVG+j0dPchaezDrPr054Nmoye+ezu3b8mudmSlB9Il5WkrEoGryQFYMCHI8AWZMFbkk457oDPpa7TX706Gv/+SfbD53+Hr9teT27Rs8c/6Vp1rUedn3febveX0ofDlxh5kcXLLZakLE9GqCT9mO69kIk/Nuuv3hd5qw0bnd9slzCnOR8ZNfL2mnj5QTbS4upVRk66FrmDkpQfSJeVpKxKBq8kBWDAhyPAFmTBW5JOGOx2L8Wqo+HGOJv0qqzl0GCbfzRsP3DdqCHXcmnfPXt41okXWbD+hi6SsjwZoZKUfctsKEn5gXRZScqqZPBKUgAGfDgCbEEWvCXpQ3+//tyW0AZuClejpazR8Pa0D/39Ovy5+qLb6Zzf52+lKaIxn4xQScq+ZTaUpPxAuqwkZVUyeCUpAAM+HAG2IAvekvSBv1+HQZmqc/h+ULA6H+m+KDauP351+Jjk3LfyKt+Hqp8dn9dl+eN0nlMt7niGnxflFiH3WJKyPBmhkpR9y2woSfmBdBkbkqEFYMCHI8AWZMFbkk66qm1dalSX0tXwYWe0vHYfds+6+juiY8+r7FQxG7S4anz8oTvRzXWswalXz5KyPBmhkpR9y2woSfmBdBkbkqEFYMCHI8AWZMFbkk7pClT3xa2jU+WqP3z88+/fc4ur+lYZDa+NNans+9BVxy4tjo9unf7VA0U0ZpERKknZt8yGkpQfSJexIRlaAAZ8OAJsQRa8JWlT/82xYZXrVMi6VLXq2ODhxWhYX0frjP+Dn9fZxEmKb6Ixm4xQScq+ZTaUpPxAuowNydACMODDEWALsuAtSael0HUpX31ffQ2sz7uo6lejpa678HTWYXZ92rNBk9Ezn3VnfHB4kXKPJSnLkxEqSdm3zIaSlB9Il7EhGVoABnw4AmxBFrwl6YRhdey+nDaofF3ClLomamIxUu0aK5FdZyMtrl5l5KQLlwsvSVmejFBJyr5lNpSkAAA9iwOALciGryTlEzIGJSnLkxEqSdm3zIYJaQQA7JXVAMAWZIdXkvIJGYOSlOXJCJWk7Ftmw2/kmQDADvjFD7AF2cyVpHxCxqAkZXkyQiUp+5bZ8M9yOgBgW/yOB9iC7NtKUj4hY1CSsjwZoZKUfctsmEdeAwBYLb/OAbYgW7SSlE/IGJSkLE9GqCRl3zIb3iuvDQAsnl/bAFuQrVhJyidkDEpSlicjVJKyb5kNJWlJ+hZ5SQBgSfyGBtiC7LpKUj4hY1CSsjwZoZKUfctsKEkfStO3yEsCAB/ilzHAFmSDVZLyCRmDkpTlyQjBtMyV38vz3yIvCQDMz+9dgC3IXorlyQixPBkhmJa58iI56VvkJQGAl/IrFmALsm1ieTJCLE9GCKZlrswpr/QWeUkA4Fl+mwJsQXZILE9GiOXJCMG0zJVPyBW8RV4SAGjxWxNgC7ITYnkyQixPRgimZa4sRi7rLfKSAMCAX5AAW5BND8uTEWLHMhVMhgnpnWs5xg+ky94iLwkAe+V3IcCWZd9zJ4eBmeUtV5JyLb1zLcd4SjrxLfKSALADfu0BbFM2NxPSCJhN3mzXcow76aBrOcaLpFvfIi8JANviNxzABmUTMyGNgHnknTYmLRiTPrqWY8wmHf0WeUkAWC2/zAA2JTuVCWkEzCZvtjFpwbT01LUc473S+2+RlwSAxfNLC2AjsheZlnbAPPJOm5BGtKS/ruUYn5bxeIu8JAAsid9PAKuXDce0tANmkzfbmLTgx9Jx13KM5ckIvUVeEgA+xK8igBXLrmJa2gGzyZttTFrwe+nBaznGGmTM3iIvCQDz81sHYK2ye5iQRsCc8n4bkxY8K/14LcdYp4ziW+QlAeCl/IIBWJ9sESakETCnvN/GpAX/LB16LcfYiozrW+QlAeBZfpcArEn2ARPSCJhT3m8T0ogXSbdeyzG2KyP9LnlVAGjxOwNgHbLSn5Z2wJzyfhuTFrxa+ncgB9ifzIC3yEsCwIBfDwBLl+X8tLQD5pT324Q0Yh7p5YEcAJU1AN7IbwKA5cqafVraATPLW25MWjCzdPdADsCYzJKZ5cUA2A0f/QALlRX6hDQCZpa33Ji04F3S7wM5AD+TefNSOTUA++BzH2BxsjCfkEbA/PKuG5MWvFG6/lqOwbMyk56VswCwDz73ARYkS/IJaQTML++6MWnBJ2QMruUYvE7m1g/kCQDsg899gEXIYnxa2gHzy7tuTFrwORmJazkGM8uEK0kB2A0f/QAflpX4tLQD5pd33Zi0YAEyJNdyDABgNhYcAB+Tnd+0tAPml3fdhDRiMTIw13IMAGAeVhsAn5E934Q0At4ib7wxacHyZISu5RgAwAwsNQDeLVu9CWkEvEXeeBPSiKXKOF3LMQCAV7POAHif7PCmpR3wFnnjjUkLFi8Ddi3HAABeyiID4B2ysZuWdsBb5I03Ji1Yj4zctRyDlswYmJCJAtDzoQAwryzBpqUd8C55741JC9Ym43ctx+ChTBeYkIkC0POhADCjrL8mpBHwLnnvjUkLVisDeS3HYFrmCkzIRAHo+VAAmEVWXhPSCHijvP3GpAUrl+G8lmMwIRMFJmSiAPR8KAC8WNZcE9IIeKO8/cakBVuRcb2WYzAmswQmZKIA9HwoALxMVlvT0g54l7z3JqQR25LRvZZjcCdTpCRlxzIVSlKAng8FgBfIOmta2gFvlLffmLRgozLM13IMrmV+lKTsWKZCSQrQ86EA8E+ywpqWdsAb5e03Ji3Yuoz3tRyDgUyOkpQdy1QoSQF6PhQAnpfl1YQ0At4r78AxacE+ZNSv5RiUzIySlB3LVChJAXo+FACekYXVhDQC3ivvwDFpwc5k+K/lGPQyLUpSdixToSQF6PlQAPidLKkmpBHwdnkTjkkLdimT4FqOgYoJdzIVSlKAng8FgF/IempCGgHvlXfgmLRg3zIbruUYu5cJUZKyY5kKJSlAz4cCwC9kPXUnh4H3yjtwQhrBxFTJMfYts6EkZccyFUpSgJ4PBYBfyHpqIAeAt8ubcExawEAmx7UcY8cyFUpSdixToSQF6PlQAPidLKksquBz8iackEZwJ1PkWo6xV5kHJSk7lqlQkgL0fCgAAGuSbc2YtIBpmSsDOcBeZR6UpOxYpkJJCtDzoQDMIusO1imjCHcyRViDjBl30kEDOcAuZRKUpOxYpkJJCtDzoQDMIusO1imjCHcyRViDjBlj0kcDOcD+ZAaUpOxYpkJJCtDzoQDMIusO1imjCHcyRViDjBkT0k0DOcDOZPhLUnYsU6EkBej5UABmkXUH65RRhDuZIqxBxowJ6aZrOcaeZOxLUnYsU6EkBej5UABmkXUH65RRhDuZIqxBxoxp6alrOcZuZOBL0qf9/fpzPMufr7/5eUTXZNCg+/Hw3f1x+6zvwylJi/7BKfk+jL/EMT+1rAu5MfokbqSzSlKAng8FYBZZd5SkLFXGqSSFO5kiJemc8koDOcCddFBJykPprGs5xj5k1EvSp3QlrAmpbHVuCmCXutd9ZeyYdIcuZbZLy8EJzy4NTj/cnO0+YVTGrCQF6PlQAGaRdUdJylJlnEpSuJMpUpLOLC9mZrakm0pSWtJf13KMHciQl6S/1JWvriplpT9wVbq6KYANK2cjVa7vw7Fxd5LDd30vrX/Otf6E52f3r3n4UkR7Vnq1JAXo+VAAZpF1R0nKUmWcSlK4kylSkrIMGZWSlB9Il13LMbYu412S/sKpZtXXxW4qYsfT3VatqpDVHT0+ODUaMXnseGBQhuvanB7XiU+ve6q8nYKz+4RR6eqSFKDnQwGYRdYdJSlLlXEqSeFOpkhJyjJkVEpSfia9di3H2LQMdkn6tPO3xMbqVecy1qna1te7RgpiQ13Lw2HwH1HrX6B+Op/wdKqT++TsfBYeSGeVpAA9HwrALLLuKElZqoxTSQp3MkVKUpYho1KS8mPpuGs5xnZlpEvS3zsXre4LYWfnClvfKD9NFdFOh7vkph52ONRX0W6f0pfcbutrZ/cJo9LPJSlAz4cCMIusO0pSlirjVJLCnUyRkpRlyKiUpPxG+u5ajrFRGeaS9OeqMHZdnzqlozWr46G+8NX9N86+x74u1rmUxrozXRXKBrWzQc2sU2fuKaI9LWNQkgL0fCgAs8i6oyRlqTJOJSncyRQpSVmGjEpJuh65btYm47dauY2S9Hmn8tm9U/3qpux1LofdPO6MnujU4NS0+9/Bybqi3Feec2x2XzK7Txh16sOzpAA9HwrALLLuKElZqoxTSQp3MkVKUpYho1KSrkeum7XJ+K1WbqMkfUIVvW4LVV2tK2H/sHTRVTA0LJZ1j25/yIudf86ZLj+Pn1oR7SfSWSUpQM+HAjCLrDtKUpYq41SSwp1MkZKUZciolKTrketmbTJ+q5XbKEl/5VTRSoFqWOs6FbIeVK5uGw+KYEfDSll3dHii/th182vHJ9y88H3CqL7XL5IC9HwoALPIuqMkZakyTiUp3MkUKUlZhoxKSboeuW7WJuO3WrmNkvSf1HfSJqpcXT0sR4eFs+HjK3ffOksF7XD835uqWL3yMVZEe9qpD8+SAvR8KACzyLqjJGWpMk4lKdzJFClJWYaMSkm6Hrlu1ibjt1q5jZL0SYP6WJIrp8ODSta5/Z3TCQb1s77p8cHpKafD/ePT6U4tBy97PKaI9pyuJweSAvR8KACzyLqjJGWpMk4lKdzJFClJWYaMSkm6HrnukvTTcjVm+0B6pCRdrdxGSfoLp6rWyW+LVN1zB4WvK31Z7OaEp6+gXT2hi25OkdLbBIW0lnRUSQrQ86EAzCLrjpL0hbpl53AZWGvI7s/b5eExu18xjoZ3jq2mFrebknEqSeFOpkhJOq57N/7ALt5i75EeLUnXI9ddkrI8GaGSdLVyGyUpO5apUJIC9HwoALPIuqMkfZ27Etjg/8u9ra9dN+729am2KaKdZZxKUriTKVKSjrt7592/5R59CYNfy6iUpOuR6y5JWZ6MUEm6WrmNkpQdy1QoSQF6PhSAWWTdUZK+ysjG+yrqtuuD77ecfjzt38/b+qv9/Ul3jp+4rwSsXu6sJIU7mSIl6bjBm+z0JrzWHVNEe6n0bEm6HrnukpTlyQiVpKuV2yhJ2bFMhZIUoOdDAZhF1h0l6Ysc9+Onbfdlj369Rb9syvst+qFv1j3ra7JMNlEYO7/UxqUXSlK4kylSko6rN+jp7Tl4j/X16v6dpYj2Uv2YXCRdj1x3ScryZIRK0tXKbZSk7FimQkkK0POhAMwi646S9CXOda3j9vvP1/epLHb4rv36lW6H/ufrqw51e/nasI+2P232H7t/1gbk3kpSuJMpUpKO699k3Vu0f9fl7dcX0M7vIkW0l8qolKTrkesuSVmejFBJulq5jZKUHctUKEkBej4UgFlk3VGSvsKgznW19x4Wxfpt+qWylkPX2/Vh+2nHVrvY4ff9eZEU7mSKlKTjbt5kxx/j8qZSRHup9G9Juh657pKU5ckIlaSrldsoSdmxTIWSFKDnQwGYRdYdJenrHLfetyW0gZvq2Gi97D68PsdDm9v1575KUriTKVKSjuveZIfD+a9QX9425/da/zesFdFeJt1akq5HrrskZXkyQiXpauU2SlJ2LFOhJAXo+VAAZpF1R0n6Kn+/DlX/ym78uA2/r4qV85F8Q23E2DP7p33t46to6YaSFO5kipSk467ek3mr3rzVfBPtpfouvki6HrnukpTlyQiVpKuV2yhJ2bFMhZIUoOdDAZhF1h0l6WtkM35y2X8PduM3G/OrrXwZDS8uh68eHT161mr1fXmRFO5kipSk48beZDfvIkW0l+rH5CLpeuS6S1KWJyNUkq5WbqMkZccyFUpSgJ4PBWAWWXeUpC/Rb8LHKlndgf4/g3Z0+P7799xibCs/Hp6cvrB2OXr6uQp2gxNvR39/F0nhTqZISTqu3mT1Dhp54yqivVS6uSRdj1x3ScryZIRK0tXKbZSk7FimQkkK0POhAMwi646S9LX6nflwU36qnyUZFMl+UUSrc94dPZUBNrvb7zpuICncyRQpScdNvI1OTkcU0V4qfVuSrkeuuyRleTJCJelq5TZKUnYsU6EkBej5UABmkXVHSfoi2YlftufHvfpAn3dR7c1H62X3YfeUik5Ha8t/3uR3Ta6CrTjd1llSuJMpUpKOq/dLgyLay6RHS9L1yHWXpCxPRqgkXa3cBkzIRAHo+VAAZpF1R0n6Ct2+/LzpviunDfbtl/BUEWvs6IfnGDvvtvVdcJEU7mSKlKTj8s57xDfRXiqjUpKuR667JGV5MkIl6WrlNmBCJgpAz4cCMIusO0pSlirjVJLCnUyRkpRlyKiUpOuR6y5JWZ6MUEm6WrkNmJCJAtDzoQDMIuuOkpSlyjiVpHAnU6QkZRkyKiXpeuS6S1KWJyNUkq5WbgMmZKIA9HwoALPIuqMkZakyTiUp3MkUKUlZhoxKSboeue6SlOXJCJWkq5XbgAmZKAA9HwrALLLuKElZqoxTSQp3MkVKUpYho1KSrkeuuyRleTJCJSkA7IBfe8AssrIuSVmqjFNJCncyRUpSliGjUpKuR667JP2Rxj9R8YN/5IJfyAiVpACwA37tAbPIyrokZakyTiUp3MkUKUlZhoxKSboeue6S9EeqiJZ/WjnOZTVFtNdK/5akALADfu0Bs8jKmnXKKMKdTJGSlGXIqJSk65HrLklbvg9p37mUyvqy2mF4bHiUf5L+LEkBYAf82gNmkZU165RRhDuZIiUpy5BRKUnXI9ddkv5IV0nrv3f2fUil7OrLZ76J9loZoZIUAHbArz1gFllZs04ZRbiTKVKSsgwZlZJ0PXLdJelP9H+L8/SXN48Pu3pZ98fhUP+hNEW018oIlaQAsAN+7QGzyMqadcoowp1MEdYgY7Yeue6S9AfO/yW0vlLWfSvtz5++flbFM0W01zr19llSANgBv/aAWWRlzTplFOFOpghrkDFbj1x3SdrWfevsXDTrvnrWldFO30HL99IU0V7rNEBnSQFgB/zaAxYnq/KSlGnpqYEcgFfLDGMNMmbrkesuSZv+fv05fOVf5zzpi2inqtmpiqaI9lqnATpLCgA74NcesCxZkg/kANPSU3dyGF4nc4s1yJitR667JG3pv33W/YXOKqL1j7t/l/OqqqaI9kIZoZIUAHbArz1gQbIeH8gBHkpnTUgjeIXMKtYgY7Yeue6StOX766v/dwRSM+se9QWzYeFMEe21MkIlKQDsgF97wFJkMT6QA/xAumxCGgEsWD6wStIfqSLad/ePCqRcdszqoSLaa2WESlIA2AG/9oClyGJ8IAf4sXTchDQCWKR8VJWkP3Iqog3KZtcU0V4rI1SSAsAO+LUHLEJW4gM5wO+lByekEcDC5EOqJP2R+ibare6bab2xgzwrnVqSAsAO+LUHfF6W4QM5wLPSj9PSDmAx8vFUkrI8GaGSFAB2wK894POyDB/IAf5NenNa2gEsQD6YSlKWJyNUkgLADvi1B3xY1uADOcCLpFsnpBHAp+VTqSRleTJCJSkA7IBfe8AnZQE+kAO8Wvp3QhoBfE4+j0pSlicjVJICwA74tQd8UhbgAznAPNLLE9II4BPySVSSsjwZoZIUAHbArz3gY7L6HsgB5pS+npZ2AO+Vz6CSlOXJCJWkALADfu0Bn5Gl90AO8Bbp9GlpB/Au+fQpSVmejFBJCgA74Nce8AFZdw/kAO+V3p+WdgDzy+cOa5PxA4Ad8GsP+ICsuwdygE/IGExII4CZ5UOHtcn4AcAO+LUHvFsW3QM5wEdlMCakEcBs8nHD2mT8AGAH/NoD3ior7oEcYBkyKhPSCGAG+aBhbTJ+ALADfu0Bb5UV90AOsBgZmGlpB/BS+YhhbTJ+ALADfu0B75Pl9kAOsDwZoWlpBwAAsA92QcCbpPQykAMsWIZqWtoBAABsnf0P8CYpugzkAIuXAZuQRgAAAJtm8wO8Q8otAznAemTkJqQRAADARtn2ALNLlWUgB1ibjN+0tAMAANgcGx5gXimuDOQAq5WBnJZ2AAAAG2KrA8wrZZWBHGDlMpzT0g4AAGATbHKAGaWaMpADbEXGdUIaAQAArJ8dDjCX1FEGcoDNyQBPSCMAAIA1s7cB5pIKykAOsFEZ5glpBAAAsE52NcAsUjgZyAE2LYM9Le0AAADWxn4GeL3USwZygH3IqE9LOwAAgPWwkwFeL5WSgRxgTzL209IOAABgDexhgBdLgWQgB9ilTIIJaQQAALB4NjDAK6U0MpAD7Ftmw4Q0AgAAWDBbF+BlUhEZyAHoZVpMSCMAAIBFsmkBXia1kIEcgJKZMS3tAAAAFsZ2BXiNlEAGcgDuZIpMSzsAAIDFsFEBXiCVj4EcgGmZK9PSDgAAYAFsUYAXSM1jIAegJTNmQhoBAAB8mv0J8K9S7RjIAfixTJ0JaQQAAPA5dibAP0mRYyAH4JcygaalHQAAwCfYkwD/JOWNgRyAp2QaTUs7AACA97IbAZ6XqsZADsC/yXyalnYAAADvYh8CPCnFjIEcgBfJxJqQRgAAAG9hEwI8I2WMgRyAV8sMm5BGAAAAM7P9AJ6RAsZADsA8Ms8mpBEAAMBsbDyAX0vdYiAHYE6ZbRPSCAAAYB52HcDvpGIxkAPwFpl2d3IYAABgHnYdwO+kYjGQA/BGmXwDOQAAADAPuw7gF1KuGMgB+ITMQvMQAACYn40H8FMpVwzkAAAAAGydPTDwU6mcDeQAAAAAbJ09MKxPKljMI70MAAAAA7aLsD4p9jCP9DIAAAAM2C7C+qTYwzzSyxuSG2MHMuQAAMAMLLhhfbJdZh7p5Q3JjbEDGXIAAGAGFtywPtkuM4/08obkxtiBDDkAADADC25Yn2yXS1KelX4sSTckN8YOZMgBAIAZWHDD+mS7XJLyrPRjSbohuTF2IEMOAADMwIIb1ifb5ZKUZ6UfS9INyY2VpGxCBrUkBQAAZmDBDeuT7XJJyrPSjyXphuTGSlI2IYNakgIAADOw4Ib1yXa5JOVZ6ceSdENyYyUpm5BBLUkBAIAZWHDD+mS7XJLyrPRjSbohubGSlE3IoJakAADADCy4YX2yXS5JeVb6sSTdkNxYScomZFBLUgAAYAYW3LA+2S6XpDwr/ViSbkhurCRlEzKoJSkAADADC25Yn2yXS1KelX4sSTckN1aSzuT7kJf577/D9130339/vr6//uTxUDXu/T02+fP1Nz+dztA16P4c5p1jdhtNhHeOra5edo3SfSUpAAAwAwtuWJ9sl0vSN6hSRul+vrgpR6ynDpLrL0k3JDdWkv6bbhhHjYzGeYyOc+I4pN3MuG51m9wN/aDB7by6btxdVtfw7gyjzhe2Yun2khQAAJiBBTesT7bLJenMuurExalAcalU3NdF7qoYy62D5J5K0g3JjZWk/2wwQN2IDkbrZjrUGOXPvvGdS/ubZ3euouNphu1PP55e/HxJ5wcX4y977/Z5C5erLkkBAIAZWHDD+mS7XJLObFCVqIeDysZt3WNVdZA8qSTdkNxYSfoCwzEdjtvN2B+TY3BsfGpwPzlu58bp8WUCdKe8uDy3f96hb9Y962tyekxMiPNLrVjusCQFAABmYMEN65Ptckk6s66icTj0ZZBTcaMrYJyLEzd1kXNx4tQ0jwYWVQfJC5SkG5IbK0n/xfVoTjsNWj9Gx//JEN5MlqNBch7PY3b+z6cNnz3QPe3P11cd6i6qzjvavmvQcv+shct1l6QAAMAMLLhhfbJdLklndqpKHP/3VNA4HO7/Rmbv8N09XFUdJE8rSTckN1aS/ovRsbl1bnR8cBzUc6Wse3DvNOyD8a150Bu+YJ5fMyqHzqfvDdtPO7a6epU16vvqIikAADADC25Yn2yXS9KZDaoSjQLF8XBZRx2kv9SLpBuSGytJ/8WPxubcqMYoQYZ5MNrXA9//fDWoxycO3Lzy6LXch9fneOjqtZcu11ySAgAAM7DghvXJdrkk/aVTFetHzt8muxiJjoZlixXVQfKUknRDcmMl6T/rSl9TrkbuOG6n8Tg9qJLZVelsMNp/vw717Iz4sdXg+I3zkenrGXtm/7Sv9X8VLbdYkgIAADOw4Ib1yXa5JJ3ZoIiRh1c1kJsix6rqIHmFknRDcmMl6Uvcj2k/hNcjcmzUB5kxl4mTZx//6J7y9293ov6HcjnPYLYNHnbuL+FoNLy4HL56dPToWYvU99NFUgAAYAYW3LA+2S6XpDPrig1X/7DAqZiRmsN1XeNUjojl10H6y7xIuiG5sZL0RbqhHA7r+Eh2/3ZEp2s4HPx+xIbPuAtKd6D/67/9WU4Ft94xGn3JqWnQX+Tg6OnnuofBidehv/aLpAAAwAwsuGF9sl0uSeeVwsd3952iS4GiS48Pu8pGVUWOuh9HSxindv3h45+LqYP0T71IuiG5sZL0hU5DejSYBQPHw8MDmUvdn5k8Y+Pcj+nwwOlFkgwmx+DhxWh4Pufd0dMEGr/6hes6ZSApAAAwAwtuWJ9sl0vSeQ3LDsPHD6sPK6mDdNc0kHRDcmMl6WuchvTo8NUPQPfodgyObYbZaaQGDftznEczhy+je36JXp930eDZ1zOhcx92T6nodLSu43xtXZOrYA1Ol3yWFAAAmIEFN6xPtssl6ayuahLnH/qiw/nfGBgULdZVBzk94yzphuTGStJ/UL18NNLRg6On48dg2Ow4aKOj3TXu/ji3vZtGg3NfwmPU/XA+MurqBUfOu1797V0kBQAAZmDBDeuT7XJJOqfvVEGqUNH919GOf1wVUFKZWGEdpD/7RdINyY2VpGxCBrUkBQAAZmDBDeuT7XJJyrPSjyXphuTGSlI2IYNakgIAADOw4Ib1yXa5JOVZ6ceSdENyYyUpm5BBLUkBAIAZWHDD+mS7XJLyrPRjSbohubGSlE3IoJakAADADCy4YX2yXS5JeVb6sSTdkNxYScomZFBLUgAAYAYW3LA+2S6XpDwr/ViSbkhurCRlEzKoJSkAADADC25Yn2yXS1KelX4sSTckN1aSsgkZ1JIUAACYgQU3rE+2yyUpz0o/lqQbkhsrSdmEDGpJCgAAzMCCG9Yn2+WSlGelH0vSDcmNlaRsQga1JAUAAGZgwQ3rk+1yScqz0o8l6YbkxkpSNiGDWpICAAAzsOCG9cl2uSTlWenHknRDcmMlKZuQQS1JAQCAGVhww/pku1yS8qz0Y0m6IbmxkpRNyKCWpAAAwAwsuGF9sl0uSXlW+rEk3ZDcWEnKJmRQS1IAAGAGFtywPtkul6Q8K/1Ykm5IbqwkZRMyqCUpAAAwAwtuWI3sku/kMM9KP5akG5IbK0nZhAxqSQoAAMzAghuWJVvh38gzeVb6sSTdkNxYScomZFAHcgAAAHg1q234jOx3WZ6M0IbkxkpSNiGDOiYtAACAF7HIhhllL8uqZPA2JDdWkrIJGdRpaQcAAPwzy2t4gexW2YQM6obkxkpSNiGD2pLWAADAP7Cwhl/IfvRDchFqdjNLL29Ibozdy4QAAACeYkkNt7Ld/JBcxENpyjzSyxuSG4OSmQEAAPyGlTT7ld3kh+QiFiwXar+9fhlIdiBD/rNBT1MAAOBnrKHZuGwWPyQXsUK5gZKUdcoosgMZ8pL0oTQFAABarJ7ZiGwHPyQXsSG5sZKUdcoosgMZ8ms59lCaAgAA06ybWZls+D4kF7F1uduBHIBNy3QvSbcid9WS1gAAwB3LZZYom7kPyUXsVXphIAdg6zLjS9LNye09lKYAAMCAhTKflO3ah+QiuJbeGcgB2LrM+JJ0o3KTD6UpAADQs0TmHbIh+5BcBD+QLhvIAdiBTPqSdNNyqw+lKQAA7J7FMS+T/daH5CL4N+nNkhT2IfO+JN2B3HBLWgMAwF5ZE/Nr2U59SC6CGaSLB3IA9iHzviTdk9z5Q2kKAAD7YzXMuOyWPiQXwRul6wdyAHYjU78k3Z/c/0NpCgAAe2IdvHfZD31ILoIFyJAM5ADsRqZ+SbpX6YWH0hQAAPbBCnhfsu95u7w8S5VxGsgB2JPM/pJ039IXLWkNAACbZuH7pOwbmF96nDmlrwdyAPYks78kpZdOeShNAQBgoyx5n5QdA/NLjzObdPRADsDO5A1QkjKQrnkoTQEAYHMsdp+UvQLzS48zj/TyQA7A/uQ9UJJyJx30UJoCAMCGWOY+KbsE5pceZx7p5YEcgP3Je6AkZUK6qSWtAQBg/axun5TNAfNLjzODdPFADsAu5W1QktKS/nooTQEAYM2sa5+UbUFJyiukT0tSZpAuHsgB2KW8DUpSfia99lCaAgDAOlnRPikbgpKUV0iflqS8Wvp3IAdgr/JOKEn5jfTdQ2kKAABrYy37pGwFSlJeIX1akvJq6d+SFHYsb4aSlN9LD7akNQAArIQl7JOyAyhJeYX0aUnKS6VzB3IAdixvhpKUf5CufChNAQBg8Sxen5S1f0nKK6RPS1JeJz07kAOwb3k/lKT8s3ToQ2kKAAALZtn6pKz6S1JeIX1akvI66dmBHIB9y/uhJOVF0q0taQ0AAMtjtfqkLPZLUl4hfVqS8iLp1oEcgN3LW6Ik5aXSuS1pDQAAS2Kd+qQs80tSXiF9WpLyIunWkhTw7niv9PJDaQoAAMtghfqkLPBL0vf5Pvz35+tv9+jv15962LkcmHRscvjO4yVKn5akvEL6dCAHAB8+n5C+fihNAQDg06xNn5SlfUn6NlelsuEPP6ihKaLtVTp0IAeAXt4YJSnzS4+3pDUAAHyIJemTsqIvSd/l+5DX/a8vmXU/Hr6+/iQ66451X1T7iWbp7X1yRSUp/ywdOpADQMl7oyTlLdLpLWkNAABvZzH6pKzlS9I3mfwq2d+vPz8ohvkm2h6lNwdyABjI26Mk5b3S+w+lKQAAvJFl6JOyii9J32PwPbTratjxwJ+vv913z4bxsPmUBX0PzSZ2HunNkhS4lndISconZAweSlMAAHgLC9AnZf1ekr7F9+Hw3f8tzb5SlhJZ9zjfMLstot1Ju8Xqb+giKf8gXTmQA8C1vENKUj4nI9GS1gAAMCfrzidl2V6Svs+wUpbH9984Gw0nLaawluspSXlW+nEgB4A7eZOUpHxaxqMlrQEAYB5WnE/Kgr0kfYuvq38p4DD4VtrJw2+ifXd/4/Nr2V9Fy52VpDwr/TiQA8CdvElKUhYjA/NQmgIAwKtZaz4pS/WS9H3uv4k29p2zm1JZX0Hr/+NnV4+O/DfRtiqdOJADwJi8T0pSFibD81CaAgDA61hlPimL9JL0fe6LaKfHR+PfROvSYbHs9HPV2f7+VUTbpnRiSQpMyFulJGWRMkgtaQ0AAP/M4vJJWZuXpO9zqpQd//fQ/uucfb3sz9ffy9fPoj8wUnD7sFOXniXl99KDAzkATMhbpSRlwTJULWkNAAD/wLLySVmVl6Tvc6p/dUWxPJr4G5nd39asI6ciWrU/185Of6FzQcW00+WcJeWX0n0DOQBMy7ulJGUNMmYPpSkAADzFgvJJWY+XpG/TV8K6qlf3oK9+VW3sylVdLC3Gi21L0l/6RVJ+Kd03kAPAtLxbSlLWIyP3UJoCAMAvWUo+KSvxkpRXSJ+WpPuT+9+xdAS8USZfScraZPxa0hoAAH7GCvJJWYCXpLxC+rQk3Z/c/46lI+CNMvlKUlYrA/lQmgIAQIu145Oy9C5JeYX0aUm6P7n/HUtHwBtl8pWkrFyG86E0BQCAaVaNT8qiuyTlFdKnJen+5P53LB0Bb5TJV5KyCRnUh9IUAADGWC8+KcvtkpRXSJ+WpPuT+9+xdAS8USZfScqGZGhb0hoAAAYsE5+UVXZJyiukT0vS/cn99xJtXe62JIU3yuQrSdmijPFDaQoAAD0LxCdlfV2S8grp05J0f3L/vURbl7stSeGNMvlKUrYrI/1QmgIAsHuWhk/Kyrok5RXSpyXp/uT+e4m2LndbksIbZfKVpGxdxnta2gEAsG/WhU/Ksrok5RXSpyXp/uT+e4m2LndbkrJLmQQsT0Zoi3KHY9ICAIB9sy58UpbVJSmvkD4tSfcn999LtHW525KUXcokYHkyQpuWWx3IAQAA9s268ElZVpekvEL6tCTdn9x/L9HW5W5LUnYpk4DlyQitR66bD8kwAABsgsXNk7I2LEl5hfRpSbo/uf9eoq3L3Zak7FImAcuTEVqPXDcfkmEAANgEi5snZW1YkvIK6dOSdH9y/71EW5e7LUnZpUwClicjtB65bj4kwwAAsAkWN0/K2rAk5RXSpyXp/uT+e4m2LndbkrJLmQQlKZ+QMShJ1yPXzYdkGAAANsHi5klZG5akvEL6tCTdn9x/L9HW5W5LUnYpk6Ak5RMyBiXpeuS6+ZAMAwDAJljcPClrw5KUV0iflqT7k/vvJdq63G1Jyi5lEpSkfELGoCRdj1x3Scps0tElKQDAJljcPClrw5KUV0iflqT7k/vvJXrK368///35+puf+h8P390fg7D3fTgladE/OCXfh+EZLo75qeXpSXdGn/RAnlaSskuZBCUpn5AxKEnXI9ddkjKbdHRJCgCwCRY3T8rasCTlFdKnJen+5P57iZ5xUwC71L3uK2PHpDt0KbNdWqZUduXS4PTDzdnuk6bcbUnKLmUSlKR8QsagJF2PXHdJymzS0SUpAMAmWNw8KWvDkpRXSJ+WpPuT++8lesJNAWxYORupcn0fztWz+l5a/5xr/QnPz+6a/3f4UkTjpTIJSlI+IWNQkq5HrrskZTbp6JIUAGATLG6elLUh80uP70/uv5fo16qQ1RW6jg/6eteYyWPHA4MyXNfm9LhO3Edddg7O7pOmvGhJyi5lEpSkfELGoCRdj1x3Scps0tElKQDAJljcPClrQ+aXHt+f3H8v0S+dy1in75/19a6RgthQ1/JwGPxH1PqvodVP5xOeTnVyn5ydz/JDeVpJyi5lEpSkfELGoCRdj1x3Scps0tElKQDAJljcPClrQ+aXHt+f3H8v0S9d/h5mVy3LT1NFtNPhLrmphx0O9VW026f0Jbfb+trZfdKUVyxJ2aVMgpKUT8gYlKTrkesuSZlNOrokBQDYBIubJ2VtyPzS4/uT++8l+t//xr7vNSEVrO+UwLr/xtn31NMvpbGulnZVKBvUzgY1s06duaeIxmtlEpSkfELGoCRdj1x3Scps0tElKQDAJljcPClrQ+aXHt+f3H8v0a/dlL3O5bCbx52uenbn1ODUtPvfwcm6otxXnnNsdl8yu0+aTmc7S8ouZRKUpHxCxqAkXY9cd0nKbNLRJSkAwCZY3MBCZf/RS/RLXdnrrCtoXQVDw2JZ/9SbH1JhO/+cM11+Hj+1IhpPyyQoSfmEjEFJuh657pKU2aSjS1IAgE2wuIGFyv6jl+hfDQtjV0Wy3rBS1h0dlsD6Y9fNrx2f4JtovFAmQUnKJ2QMStL1yHWXpMwmHV2SAgBsgsUNLFT2H71ET+nqYb3T38icLqLF3bfOUkE7HP/3piqWpl2siMZrZRKUpHxCxqAkXY9cd0nKbNLRJSkAwCZY3MBCZf/RS/RLp/LZoJJ1CsacSmaD+lnf9Pjg9JTT4f7x6XSnloNC2/GYIhovlElQkvIJGYOSdD1y3SUps0lHl6QAAJtgcQMLlf1HL9G/6qpgg8LXlb4sdlP1On0F7eoJXXRzipTeJvymkJanlKTsUiZBSconZAxK0vXIdZekzCYdXZICAGyCxQ0sVPYfvURbl7stSdmlTIKS9Beui7vnYu5oJXmqEDwsAR/b/ParlVuR3ihJ1yPXXZIym3R0SQoAsAkWN7BQ2X/0Em1d7rYkZZcyCUrSX7gUva7KX4++jjly8PK3khXRStL1yHWXpMwmHV2SAgBsgsUNLFT2H71EW5e7LUnZpUyCkvQXzkWv44NBYexSFbs3ckwR7ShjUJKuR667JGU26eiSFABgEyxuYKGy/+gl2rrcbUnKLmUSlKS/kKLX7ZfLHtTCuqZD3dMU0Y7SHyXpeuS6S1Jmk44uSQEANsHiBhYq+49eoq3L3Zak7FImQUn6C6ei113p6xhM/HXO45HLgXqeItpRxqAkXY9cd0nKbNLRJSkAwCZY3MBCZf+xY+kIdimToCT9hRS9br6J1n/bbKwYdqmWdc4/KaIdZQxK0vXIdZekzCYdXZICAGyCxQ0sVPYfO5aOYJcyCUrSXzgXva6qX8cfju6rYcd8UGq7PEUR7agfgYuk65HrLkmZTTq6JAUA2ASLG1io7D92LB3BLmUSlKS/cCl6Dcpf/cPvqy+ddU4t+m+p/fff4Wvw5TVFtKN+BC6SrkeuuyRlNunokhQAYBMsbmChsv/YsXQEu5RJUJL+wkgRrauSdY+6P4f/XbTvw6U81lfSrn68Pcv+ZAxK0vXIdZekzCYdXZICAGyCxQ0sVPYfO5aOYJcyCUrSX+iKXofD6d/bPFXMBmWwyYpY1dmKItpR34cXSdcj112SMpt0dEkKALAJFjcALE723yXpL9wUvW6rY8fDV99G642GoYhWkq5HrrskXYZuXl5NucyzR1Nx8dLRJSkAwCZY3ACwONl/l6S/MCx6dRWJu5JEV74YhLdVtluKaCXpeuS6S9JlmCqiHbVm5HKlo0tSAIBNsLgBYHGy/y5Jf+FcjHhQi6g6Wv05oq+/ney1hqaINqO7ItoxWP1ES0eXpAAAm2BxA8DiZP9dkvIJGYOSdD1y3SXppw3Ks52qnJ2KaH1ZN9ZXU8uFl6QAAJtgcQPA4mT/XZLyCRmDknQ9ct0l6SIMvgM5rJut/FuPuYmSFABgEyxuAFic7L9LUj4hY1CSrkeuuyRdgnPhbFA06/8e8tfwa2rjf9F4wXLdJSkAwCZY3ACwONl/l6R8QsagJF2PXHdJugDfhz+HQ//fRDs++voefhVtdYWzodxDSQoAsAkWNwAsTvbfJSmfkDEoSdcj112Sflr3LbTD9+l/E51c/n3O/AfS+odrko4uSQEANsHiBoDFyf67JOUTMgYl6XrkukvST/s+dMWzkSJaou6P//58ff9VRAMAWBCLGwAWJ/vvkpRPyBiUpOuR6y5Jl2GkiHYqn53/Rufgi2lr0XfzRVIAgE2wuAFgcbL/Lkn5hIxBSboeue6SdBluimjfp39Q4M+fP1U5W2ENzZsXANgyixsAFif775KUT8gYlKTrkesuSZehimipnp3raadvox2+u/z2m2qL19/KRVIAgE2wuAFgcbL/Lkn5hIxBSboeuW4+JMMAALAJFjcALE723yUpn5AxKEnXI9fNh2QYAAA2weIGgMXJ/rsk5RMyBiXpeuS6+ZAMAwDAJljcALA42X+XpHxCxqAkXY9cNx+SYQAA2ASLGwAWJ/vvkpRPyBiUpOuR6+ZDMgwAAJtgcQPA4mT/zfJkhAAAYH+shgFYnBRsWJ6MEAAA7I/VMACLk4INy5MRAgCA/bEaBmBxUrBheTJCAACwP1bDACxOCjYsT0YIAAD2x2oYAAAAABoU0QAAAACgQRENAAAAABoU0QAAAACgQRENAAAAABoU0QAAAACgQRENAAAAABoU0QAAAACgQRENAAAAABoU0QAAAACgQRENAAAAABoU0QAAAACgQRENAAAAABoU0QAAAACgQRENAAAAABoU0QAAAACgQRENAAAAABoU0QAAAACgQRENAAAAABoU0QAAAACgQRENAAAAABoU0QAAAACgQRENAAAAABoU0QAAAACgQRENAAAAABoU0QAAAACgQRENAAAAABoU0QAAAACgQRENAAAAABoU0QAAAACgQRENAAAAABoU0QAAAACgQRENAAAAABoU0QAAAACgQRENAAAAABoU0QAAAACgQRENAAAAABoU0QAAAACgQRENAAAAABoU0QAAAACgQRENAAAAABoU0QAAAACgQRENAAAAABoU0QAAAACgQRENAAAAABoU0QAAAACgQRENAAAAABoU0QAAAACgQRENAAAAABoU0QAAAACgQRENAAAAABoU0QAAAACgQRENAAAAABoU0QAAAACgQRENAAAAABoU0QAAAACgQRENAAAAABoU0QAAAACgQRENAAAAABoU0QAAAACgQRENAAAAABoU0QAAAACgQRENAAAAABoU0QAAAACgQRENAAAAABoU0QAAAACgQRENAAAAABoU0QAAAACgQRENAAAAABoU0QAAAACgQRENAAAAABoU0QAAAACgQRENAAAAABoU0QAAAACgQRENAAAAABoU0QAAAACgQRENAAAAABoU0QAAAACgQRENAAAAABoU0QAAAACgQRENAAAAABoU0QAAAACgQRENAAAAABoU0QAAAACgQRENAAAAABoU0QAAAACgQRENAAAAABoU0QAAAACgQRENAAAAABoU0QAAAACgQRENAAAAABoU0QAAAACgQRENAAAAABoU0QAAAACgQRENAAAAABoU0QAAAACgQRENAAAAABoU0QAAAACgQRENAAAAABoU0QAAAACgQRENAAAAABoU0QAAAACgQRENAAAAABoU0QAAAACgQRENAAAAABoU0QAAAACgQRENAAAAABoU0QAAAACgQRENAAAAABoU0QAAAACgQRENAAAAABoU0QAAAACgQRENAAAAABoU0QAAAACgQRENAAAAABoU0QAAAACgQRENAAAAABoU0QAAAACgQRENAAAAABoU0QAAAACgQRENAAAAABoU0QAAAACgQRENAAAAABoU0QAAAACgQRENAAAAABoU0QAAAACgQRENAAAAABoU0QAAAACgQRENAAAAABoU0QAAAACgQRENAAAAABoU0QAAAACgQRENAAAAABoU0QAAAACgQRENAAAAABoU0QAAAACgQRENAAAAABoU0QAAAACgQRENAAAAABoU0QAAAACgQRENAAAAABoU0QAAAACgQRENAAAAABoU0QAAAACgQRENAAAAABoU0QAAAACgQRENAAAAABoU0QAAAACgQRENAAAAABoU0QAAAACgQRENAAAAABoU0QAAAACgQRENAAAAABoU0QAAAACgQRENAAAAABoU0QAAAACgQRENAAAAABoU0QAAAACgQRENAAAAABoU0QAAAACgQRENAAAAABoU0QAAAACgQRENAAAAABoU0QAAAACgQRENAAAAABoU0QAAAACgQRENAAAAABoU0QAAAACgQRENAAAAABoU0QAAAACgQRENAAAAABoU0QAAAACgQRENAAAAABoU0QAAAACgQRENAAAAABoU0QAAAACgQRENAAAAABoU0QAAAACgQRENAAAAABoU0QAAAACgQRENAAAAABoU0QAAAACgQRENAAAAABoU0QAAAACgQRENAAAAABoU0QAAAACgQRENAAAAABoU0QAAAACgQRENAAAAABoU0QAAAACgQRENAAAAABoU0QAAAACgQRENAAAAABoU0QAAAACgQRENAAAAABoU0QAAAACgQRENAAAAABoU0QAAAACgQRENAAAAABoU0QAAAACgQRENAAAAABoU0QAAAACgQRENAAAAABoU0QAAAACgQRENAAAAABoU0QAAAACgQRENAAAAABoU0QAAAACgQRENAAAAABoU0QAAAACgQRENAAAAABoU0QAAAACgQRENAAAAABoU0QAAAACgQRENAAAAABoU0QAAAACgQRENAAAAABoU0QAAAACgQRENAAAAABoU0QAAAACgQRENAAAAABoU0QAAAACgQRENAAAAABoU0QAAAACgQRENAAAAABoU0QAAAACgQRENAAAAABoU0QAAAACgQRENAAAAABoU0QAAAACgQRENAAAAABoU0QAAAACgQRENAAAAABoU0QAAAACgQRENAAAAABoU0QAAAACgQRENAAAAABoU0QAAAACgQRENAAAAABoU0QAAAACgQRENAAAAABoU0QAAAACgQRENAAAAABoU0QAAAACgQRENAAAAABoU0QAAAACgQRENAAAAABoU0QAAAACgQRENAAAAABoU0QAAAACgQRENAAAAABoU0QAAAACgQRENAAAAABoU0QAAAACgQRENAAAAABoU0QAAAACgQRENAAAAABoU0QAAAACgQRENAAAAABoU0QAAAACgQRENAAAAABoU0QAAAACgQRENAAAAABoU0QAAAACgQRENAAAAABoU0QAAAACgQRENAAAAABoU0QAAAACgQRENAAAAABoU0QAAAACgQRENAAAAABoU0QAAAACgQRENAAAAABoU0QAAAACgQRENAAAAABoU0QAAAACgQRENAAAAABoU0QAAAACgQRENAAAAABoU0QAAAACgQRENAAAAABoU0QAAAACgQRENAAAAABoU0QAAAACgQRENAAAAABoU0QAAAACgQRENAAAAABoU0QAAAACgQRENAAAAABoU0QAAAACgQRENAAAAABoU0QAAAACgQRENAAAAABoU0QAAAACgQRENAAAAABoU0QAAAACgQRENAAAAABoU0QAAAACgQRENAAAAABoU0QAAAACgQRENAAAAABoU0QAAAACgQRENAAAAABoU0QAAAACgQRENAAAAABoU0QAAAACgQRENAAAAABoU0QAAAACgQRENAAAAABoU0QAAAACgQRENAAAAABoU0QAAAACgQRENAAAAABoU0QAAAACgQRENAAAAABoU0QAAAACgQRENAAAAABoU0QAAAACgQRENAAAAABoU0QAAAACgQRENAAAAABoU0QAAAACgQRENAAAAABoU0QAAAACgQRENAAAAABoU0QAAAACgQRENAAAAABoU0QAAAACgQRENAAAAABoU0QAAAACgQRENAAAAABoU0QAAAACgQRENAAAAABoU0QAAAACgQRENAAAAABoU0QAAAACgQRENAAAAABoU0QAAAADgof/97/82GGgo5FeNswAAAABJRU5ErkJggg==',212,'2019-03-24 17:14:02',1),(2,'数据结构1','data:image/png;base64,iVBORw0KGgoAAAANSUhEUgAABmwAAAMiCAIAAADsC3tYAAAAAXNSR0IArs4c6QAAAARnQU1BAACxjwv8YQUAAAAJcEhZcwAADsMAAA7DAcdvqGQAAE50SURBVHhe7d1bgto6FgXQO64MiPHUaGoyGUw3NvuAARtVEQx+rPXRobaFsSVBSafJzX//AwAAAAAeUkQDAAAAgAZFNAAAAABoUEQDAAAAgAZFNAAAAABoUEQDAAAAgAZFNAAAAABoUEQDAAAAgAZFNAAAAABoUEQDAAAAgAZFNAAAAABoUEQDAAAAgAZFNAAAAABoUEQDAAAAgAZFNAAAAABoUEQDAAAAgAZFNAAAAABoUEQDAAAAgAZFNAAAAABoUEQDAAAAgAZFNAAAAABoUEQDAAAAgAZFNAAAAABoUEQDAAAAgAZFNAAAAABoUEQDAAAAgAZFNAAAAABoUEQDAAAAgAZFNAAAAABoUEQDAAAAgAZFNAAAAABoUEQDAAAAgAZFNAAAAABoUEQDAAAAgAZFNAAAAABoUEQDAAAAgAZFNAAAAABoUEQDAAAAgAZFNAAAAABoUEQDAAAAgAZFNAAAAABoUEQDAAAAgAZFNAAAAABoUEQDAAAAgAZFNAAAAABoUEQDAAAAgAZFNAAAAABoUEQDAAAAgAZFNABo+A/+s2QCANg7K0IAaEgRhX3LbAAAYK+sCAGgIUUU9i2zAQCAvbIiBICGFFHYt8wGAAD2yooQABpSRGHfMhsAANgrK0IAaEgRpSRl6zLeJSkAAHtlRQgADSmilKRsXca7JAUAYK+sCAGgIUWUkpSty3iXpAAA7JUVIQA0pIhSkrJ1Ge+SFACAvbIiBICGFFFKUrYu412SAgCwV1aEANCQIkpJytZlvEtSAAD2yooQABpSRClJ2bqMd0kKAMBeWRECQEOKKCUpW5fxLkkBANgrK0IAaEgRpSRl6zLeJSkAAHtlRQgADSmilKRsXca7JAUAYK+sCAGgIUWUkvQFvg9/vv4e//z79ee/w/fpwSn5Pvx3enDl3K47PuHytK713UnGT3yXX15px9KjJSkAAHtlRQgADSmilKSv8H3oS1UpWV3VyMZKWFcNxmphw/j8uHvWpHqZ6xNOnH5n0kUlKQAAe2VFCAANKaKUpK/xfThXz+p7aX0N69rh+7oSdji0imhTZbCf5HcvfzL6vC3LfZekAADslRUhADSkiFKS/rPxb4j9+fr7ffke2uW7Z53LTxN1rqO+1HU+Q/eMq+LXsFh2cn2qP19fx58vL1nun7d96ZKSFACAvbIiBICGFFFK0hfpqlOHw6DU1Re16qe/9R9J610V0cZqWqe4a3bWte9POeZ8jnOx7fKC3ZMuxbSJF9y0dFJJCgDAXlkRAkBDiigl6T87lba6OtVV1ev0lzVP5atL1ax3+rH7G6BXNa2bVjGeTkiZ7dK+e/awaqaIZskEALB3VoQA0JAiSkn6Kl396qbYda5/3dXKOt2RFL1G9c84Nv5xBe3Y+PCnq5l9nV+uf+HvwdfgFNEsmQAA9s6KEAAaUkQpSf/ZaCHsVPk6VdGG3warqlYaXNW0zjW3s6q39Y4NR1/q/Lc5u3/R4FQ/Oz6vy/LH8MzHM/y8KLcR6aWSFACAvbIiBICGFFFK0le4Kn9d/ZCy131trE/6B1/H/7nXHe8OXz33quYWlR0bH/8ctLhq3F3H8URX17YXpw49SwoAwF5ZEQJAQ4ooJekLdBWqo3NdbFjo6o/d1K2qlHVqe/leWpksdV3VxaKy7j+xNmyRixoae60dyN2XpAAA7JUVIQA0pIhSkr5OylaDIlWfdP++wHXtK0Wy1NvuS2ZXSffDyc2/QxDX2ViLgfvX2oF0X0kKAMBeWRECQEOKKCXpSwzqZ33RKyWyqqj1jy/FrVMpqwpap4a3zmcY1sTyMrd+XETrzvioxrZN6aWSFACAvbIiBICGFFFK0n/WV7ZuSlN9diqglS46Vc46g2+VVTHt4j6JsRLZdTbSonvhs7un70BuvSQFAGCvrAgBoCFFlJKUrct4l6QAAOyVFSEANKSIUpKydRnvkhQAgL2yIgSAhhRRSlK2LuNdkgIAsFdWhADQkCJKScrWZbxLUgAA9sqKEAAaUkQpSdm6jHdJCgDAXlkRAkBDiiglKVuX8S5JAQDYKytCAGhIEaUkZesy3iUpAAB7ZUUIAA0popSkbF3GuyQFAGCvrAgBoCFFlJKUrct4l6QAAOyVFSEANKSIUpKydRnvkhQAgL2yIgSAhhRRSlK2LuNdkgIAsFdWhADQkCJKScrWZbxLUgAA9sqKEAAaUkQpSdm6jHdJCgDAXlkRAkBDiiglKVuX8S5JAQDYKytCAGhIEaUkZesy3iUpAAB7ZUUIAA0porBvmQ0AAOyVFSEANKSIwr5lNgAAsFdWhADQkCIK+5bZAADAXlkRAkBDiijsW2YDAAB7ZUUIAA0porBvmQ0AAOyVFSEAsDWpe6l8AQDwOhaXAPBhqfeo+LxIenMgBwAA4B9YVgLAJ6XMU5LyD9KVd3IYAACeYkEJAJ+R0s61HOMfpCsnpBEAAPySpSQAvFvKOWPSgn+T3nwoTQEA4GesIAHgrVLCGZMWvEi69aE0BQCAFmtHAHiTlG0mpBGvlv59KE0BAGCaVSMAvEOqNWPSgjmlrx9KUwAAGGO9CADzSoVmQhrxFun0h9IUAACuWSkCwIxSmBmTFrxdBuChNAUAgGKNCACzSDFmTFrwURmMh9IUAAAU0QBgDqnBjEkLliGj8lCaAgCwb9aFAPBKqbuMSQsWKYM0Le0AANgrK0IAeJmUW8akBcuW0ZqWdgAA7I+1IAC8QEosY9KC9cjIPZSmAADshiUgAPyrlFXGpAUrlCF8KE0BANgBiz8AeF5KKWPSgpXLcD6UpgAAbJplHwA8KRWUMWnBVmRcH0pTAAA2yoIPAH4tVZMxacEWZYwfSlMAADbHUg8AfifFkjFpwaZlsB9KUwAANsQiDwB+KgWSMWnBbmTgH0pTAAA2wfIOAH4kdZExacH+ZAY8lKYAAKychR0ANKQWMiYt2L1MiGlpBwDAalnSAcAjKYGMSQsomRnT0g4AgBWymAOAcSl7jEkLGJNZ8lCaAgCwHtZwADAipY4xaQEPZbo8lKYAAKyB1RsAXEl5Y0xawI9l6jyUpgAALJt1GwBEShoT0gh+L3PooTQFAGCprNgAoJNKxpi0gH+T+fRQmgIAsDzWagDsXaoXE9IIXiQT66E0BQBgSazSANi1FC3GpAXMIJPsoTQFAGAZrM8A2KkUKiakEcwps+2hNAUA4NOszADYo9QnxqQFvFEm37S0AwDgc6zJANiX1CTGpAV8SCbitLQDAOATrMYA2JGUIsakBXxaZuRDaQoAwBtZhAGwC6k9jEkLWJLMzofSFACAt7D8AmD7UnIYkxawSJmmD6UpAAAzs/ACYMtSZhiTFrB4mbIPpSkAALOx5AJgs1JdGJMWsB6Zuw+lKbxdpiAbkqEFYMCHIwAblB3AmLSAdco8fihN4Y0y+diQDC0AAz4cAdiaLP/HpAWsXCb0Q2kKb5Fpx4ZkaAEY8OEIwHZk4T8mLWBDMrmnpR3ML3OODcnQAjDgwxGAjciqf0xawEZlot/JYZhf5hwbkqEFYMCHIwCrl/X+mLSAHcikH8gBmF/mXEnKqmTwSlIABnw4ArBuWeyPSQvYk8x+85/3yrQrSVmVDF5JCsCAD0cA1irL/DFpAcBb5MO3JGVVMnglKQADPhwBWKWs8cekBTyU6QLTMlf4gXRZScqqZPBKUgAGfDgCsDJZ3Y9JC/iBTBqYlrnCD6TLSlJWJYNXkgIw4MMRgDXJ0n5MWsDPZN7AtMwVfiBdVpKyKhm8khSAAR+OAKxDFvVj0gJ+I7MHpmWuMC09dSeHWZUMXkkKwIAPRwBWICv6MWkBv5QJBNMyV3Yv3fEbeSarksErSQEY8OEIwApkRX8tx+ApmUYlKfuW2VCS7kPu+UVyUlYlg1eSAjDgwxGAFciKfiAH4FmZSSUp+5bZUJJuSG5sfnm9n/r79ee/w3d+eKRr+LOW8X34VfN9y+CVpAAM+HAEYB2yqLes50Uyn0pS9i2zoSRdm1z9R+VSfu778KA4djz45+vv6XFXRjv/0HjekSLaL2TwSlIABnw4AmxBFrwsT0aI5ckIlaTsW2ZDSbpIucRPy9X8uuv6b5S1TBTOhl9bGz7+4VmPBkU4BtI9JSkAAz4cAbYgC16WJyPE8mSESlL2LbOhJP2cXMen5WoeStOSdNJ1Wazppvn562Xt0/gm2i9k8EpSAAZ8OAJsQRa8LE9GiOXJCJWk7FtmQ0k6s7zYp+VqnpWzlKSTfllEu/4bnWf3Z+n+dmfLr153V9JBJSkAAz4cAbYgC16WJyPE8mSESlL2LbOhJH2FnPHTcjUzyAuUpJN+XUTrn3HznbKuYtb6mplvov1CBq8kBWDAhyPAFmTBy/JkhFiejFBJ+jGDCsHoV25ObisPVUTo/rx9zuhpps49WtKYanyTjxQ3ViuzoST9sTzt03I175XXLkknjc64hm6aD2ba/Sm6Bj+ksDYmnVOSAjDgwxFgC7LgLUn5hIxBScryZIRK0o8ZVKKmalcjRwbPuqsoXDWu8sPEuc9xd5ZJVXe4PsnEKdcpd1qSXsuxT8vVLEYuqySddF8B+4max0f9VK0pOaGfm1++ivZjGbySFIABH44AW5AFb0nKJ2QMSlKWJyNUkr5TVxC4kq3+XZ5aw6BiVq6i0/Nufjw9ty8mXD0YGg2PfpIfH48Zfd4K5PLLffJmp6tahVxxSTqpmzjP1LZSfOue3phkl2l69ehorbNzfv3QXSQFYMCHI8AWZMFbkvIJGYOSlOXJCJWkHzMoh122/FeO8anBbUmgXEoS/ckOfbPuWV/HH8d15zmfN+WJ/gy9ywuV6xfsv+QzUgm5f95q5M7eK6+9crmZknRKN5OenCTdPD26n3cDpzaXF8hzaqb/XefsnF/fSRdJARjw4QiwBVnwlqR8QsagJGV5MkIl6cf0da9TWWC0BnUMz6WuP1/fVUcYbdudqy9wnQ519YqqONy1r+pCr2vVtR51ft7p9Mcf+kvpw+FLjLzIeuReZ5AX2K7cZ0k6oZswT8yRzNZ6A4yeoW9zPDIx1S/TlHtd7w4kBWDAhyPAFmTBW5LyCRmDkpTlyQiVpB/T7fCzvx+rQXVFh7iqAgzbpsJQlbUcGpz4aOzcR9eNGnItl/bds4dnnXiRNejv7Hk5yy6lC0rSUd0M+uUMyaS7m/2dy6mGJz7NwrwpLs8bPRFx6puzpAAM+HAE2IIseEtSPiFjUJKyPBmhkvSdan9/ln19bfPPzvv94zPGighxU5Y4FRHyQxkNb0/70N+vw5+rL7qdzvl9/lbaxIusQ7qy3CdHp5bcSO+UpGN+NT+OjTuPJuhdoayTcK0T8UP6frxICsCAD0eALciCtyTlEzIGJSnLkxEqST+m2/OnCDBVY/j7dRiUqTrHJ0wXJM5HqsZwrz9+dfiY5Ny38irfh6qfHZ/XZfljeAfHMzyqeSxZbrYk5QfSZSUpq5LBK0kBGPDhCLAFWfCWpI91O95si3vdzrnb+HZ/DvPOeTc+NBoe3Z64N9X4Jr9sw1crY1CSsjwZoZL0YwZzf/zdckwvLu+SwfNu3j6jp7kPu2ddfYln7HmVHRsf/xy0uGp8/KE70c11rMqpe8+S8gPpspKUVcnglaQADPhwBNiCLHhL0ofuNso3e/Grg2Mb5fsznJzj0958Qm2xr08yccpVyQ2WpCxPRqgk/ZjBG3D0fXAMx/9uWneg/8+gHR2+B//u4NRpWu+xsSaVfR+u3/vHR7dO/9H3eoevTW6iJOUH0mUlKauSwStJARjw4QiwBVnwlqQPjHxV5Co6bY1vfjxtm8/758tGemA0PPpJfnw8ZvR5y5WrLklZnoxQSfpG9xM+77j7A8M3QV+dHgan5kkG76jBw4vRcFjyHv8HP6+ziZOUkY+X1UgvlKT8QLqsJGVVMnglKQADPhwBtiAL3pJ02nEPfNrjXjbDx0cDlx1wvx8+9M26Z32d99q3uvOcz9s962qXfXmhcv2C/X9maWTjff+8pcsNlaQsT0aoJP2YQeVpYtan0HU5dPseOuZdVG+j0dPchaezDrPr054Nmoye+ezu3b8mudmSlB9Il5WkrEoGryQFYMCHI8AWZMFbkk457oDPpa7TX706Gv/+SfbD53+Hr9teT27Rs8c/6Vp1rUedn3febveX0ofDlxh5kcXLLZakLE9GqCT9mO69kIk/Nuuv3hd5qw0bnd9slzCnOR8ZNfL2mnj5QTbS4upVRk66FrmDkpQfSJeVpKxKBq8kBWDAhyPAFmTBW5JOGOx2L8Wqo+HGOJv0qqzl0GCbfzRsP3DdqCHXcmnfPXt41okXWbD+hi6SsjwZoZKUfctsKEn5gXRZScqqZPBKUgAGfDgCbEEWvCXpQ3+//tyW0AZuClejpazR8Pa0D/39Ovy5+qLb6Zzf52+lKaIxn4xQScq+ZTaUpPxAuqwkZVUyeCUpAAM+HAG2IAvekvSBv1+HQZmqc/h+ULA6H+m+KDauP351+Jjk3LfyKt+Hqp8dn9dl+eN0nlMt7niGnxflFiH3WJKyPBmhkpR9y2woSfmBdBkbkqEFYMCHI8AWZMFbkk66qm1dalSX0tXwYWe0vHYfds+6+juiY8+r7FQxG7S4anz8oTvRzXWswalXz5KyPBmhkpR9y2woSfmBdBkbkqEFYMCHI8AWZMFbkk7pClT3xa2jU+WqP3z88+/fc4ur+lYZDa+NNans+9BVxy4tjo9unf7VA0U0ZpERKknZt8yGkpQfSJexIRlaAAZ8OAJsQRa8JWlT/82xYZXrVMi6VLXq2ODhxWhYX0frjP+Dn9fZxEmKb6Ixm4xQScq+ZTaUpPxAuowNydACMODDEWALsuAtSael0HUpX31ffQ2sz7uo6lejpa678HTWYXZ92rNBk9Ezn3VnfHB4kXKPJSnLkxEqSdm3zIaSlB9Il7EhGVoABnw4AmxBFrwl6YRhdey+nDaofF3ClLomamIxUu0aK5FdZyMtrl5l5KQLlwsvSVmejFBJyr5lNpSkAAA9iwOALciGryTlEzIGJSnLkxEqSdm3zIYJaQQA7JXVAMAWZIdXkvIJGYOSlOXJCJWk7Ftmw2/kmQDADvjFD7AF2cyVpHxCxqAkZXkyQiUp+5bZ8M9yOgBgW/yOB9iC7NtKUj4hY1CSsjwZoZKUfctsmEdeAwBYLb/OAbYgW7SSlE/IGJSkLE9GqCRl3zIb3iuvDQAsnl/bAFuQrVhJyidkDEpSlicjVJKyb5kNJWlJ+hZ5SQBgSfyGBtiC7LpKUj4hY1CSsjwZoZKUfctsKEkfStO3yEsCAB/ilzHAFmSDVZLyCRmDkpTlyQjBtMyV38vz3yIvCQDMz+9dgC3IXorlyQixPBkhmJa58iI56VvkJQGAl/IrFmALsm1ieTJCLE9GCKZlrswpr/QWeUkA4Fl+mwJsQXZILE9GiOXJCMG0zJVPyBW8RV4SAGjxWxNgC7ITYnkyQixPRgimZa4sRi7rLfKSAMCAX5AAW5BND8uTEWLHMhVMhgnpnWs5xg+ky94iLwkAe+V3IcCWZd9zJ4eBmeUtV5JyLb1zLcd4SjrxLfKSALADfu0BbFM2NxPSCJhN3mzXcow76aBrOcaLpFvfIi8JANviNxzABmUTMyGNgHnknTYmLRiTPrqWY8wmHf0WeUkAWC2/zAA2JTuVCWkEzCZvtjFpwbT01LUc473S+2+RlwSAxfNLC2AjsheZlnbAPPJOm5BGtKS/ruUYn5bxeIu8JAAsid9PAKuXDce0tANmkzfbmLTgx9Jx13KM5ckIvUVeEgA+xK8igBXLrmJa2gGzyZttTFrwe+nBaznGGmTM3iIvCQDz81sHYK2ye5iQRsCc8n4bkxY8K/14LcdYp4ziW+QlAeCl/IIBWJ9sESakETCnvN/GpAX/LB16LcfYiozrW+QlAeBZfpcArEn2ARPSCJhT3m8T0ogXSbdeyzG2KyP9LnlVAGjxOwNgHbLSn5Z2wJzyfhuTFrxa+ncgB9ifzIC3yEsCwIBfDwBLl+X8tLQD5pT324Q0Yh7p5YEcAJU1AN7IbwKA5cqafVraATPLW25MWjCzdPdADsCYzJKZ5cUA2A0f/QALlRX6hDQCZpa33Ji04F3S7wM5AD+TefNSOTUA++BzH2BxsjCfkEbA/PKuG5MWvFG6/lqOwbMyk56VswCwDz73ARYkS/IJaQTML++6MWnBJ2QMruUYvE7m1g/kCQDsg899gEXIYnxa2gHzy7tuTFrwORmJazkGM8uEK0kB2A0f/QAflpX4tLQD5pd33Zi0YAEyJNdyDABgNhYcAB+Tnd+0tAPml3fdhDRiMTIw13IMAGAeVhsAn5E934Q0At4ib7wxacHyZISu5RgAwAwsNQDeLVu9CWkEvEXeeBPSiKXKOF3LMQCAV7POAHif7PCmpR3wFnnjjUkLFi8Ddi3HAABeyiID4B2ysZuWdsBb5I03Ji1Yj4zctRyDlswYmJCJAtDzoQAwryzBpqUd8C55741JC9Ym43ctx+ChTBeYkIkC0POhADCjrL8mpBHwLnnvjUkLVisDeS3HYFrmCkzIRAHo+VAAmEVWXhPSCHijvP3GpAUrl+G8lmMwIRMFJmSiAPR8KAC8WNZcE9IIeKO8/cakBVuRcb2WYzAmswQmZKIA9HwoALxMVlvT0g54l7z3JqQR25LRvZZjcCdTpCRlxzIVSlKAng8FgBfIOmta2gFvlLffmLRgozLM13IMrmV+lKTsWKZCSQrQ86EA8E+ywpqWdsAb5e03Ji3Yuoz3tRyDgUyOkpQdy1QoSQF6PhQAnpfl1YQ0At4r78AxacE+ZNSv5RiUzIySlB3LVChJAXo+FACekYXVhDQC3ivvwDFpwc5k+K/lGPQyLUpSdixToSQF6PlQAPidLKkmpBHwdnkTjkkLdimT4FqOgYoJdzIVSlKAng8FgF/IempCGgHvlXfgmLRg3zIbruUYu5cJUZKyY5kKJSlAz4cCwC9kPXUnh4H3yjtwQhrBxFTJMfYts6EkZccyFUpSgJ4PBYBfyHpqIAeAt8ubcExawEAmx7UcY8cyFUpSdixToSQF6PlQAPidLKksquBz8iackEZwJ1PkWo6xV5kHJSk7lqlQkgL0fCgAAGuSbc2YtIBpmSsDOcBeZR6UpOxYpkJJCtDzoQDMIusO1imjCHcyRViDjBl30kEDOcAuZRKUpOxYpkJJCtDzoQDMIusO1imjCHcyRViDjBlj0kcDOcD+ZAaUpOxYpkJJCtDzoQDMIusO1imjCHcyRViDjBkT0k0DOcDOZPhLUnYsU6EkBej5UABmkXUH65RRhDuZIqxBxowJ6aZrOcaeZOxLUnYsU6EkBej5UABmkXUH65RRhDuZIqxBxoxp6alrOcZuZOBL0qf9/fpzPMufr7/5eUTXZNCg+/Hw3f1x+6zvwylJi/7BKfk+jL/EMT+1rAu5MfokbqSzSlKAng8FYBZZd5SkLFXGqSSFO5kiJemc8koDOcCddFBJykPprGs5xj5k1EvSp3QlrAmpbHVuCmCXutd9ZeyYdIcuZbZLy8EJzy4NTj/cnO0+YVTGrCQF6PlQAGaRdUdJylJlnEpSuJMpUpLOLC9mZrakm0pSWtJf13KMHciQl6S/1JWvriplpT9wVbq6KYANK2cjVa7vw7Fxd5LDd30vrX/Otf6E52f3r3n4UkR7Vnq1JAXo+VAAZpF1R0nKUmWcSlK4kylSkrIMGZWSlB9Il13LMbYu412S/sKpZtXXxW4qYsfT3VatqpDVHT0+ODUaMXnseGBQhuvanB7XiU+ve6q8nYKz+4RR6eqSFKDnQwGYRdYdJSlLlXEqSeFOpkhJyjJkVEpSfia9di3H2LQMdkn6tPO3xMbqVecy1qna1te7RgpiQ13Lw2HwH1HrX6B+Op/wdKqT++TsfBYeSGeVpAA9HwrALLLuKElZqoxTSQp3MkVKUpYho1KS8mPpuGs5xnZlpEvS3zsXre4LYWfnClvfKD9NFdFOh7vkph52ONRX0W6f0pfcbutrZ/cJo9LPJSlAz4cCMIusO0pSlirjVJLCnUyRkpRlyKiUpPxG+u5ajrFRGeaS9OeqMHZdnzqlozWr46G+8NX9N86+x74u1rmUxrozXRXKBrWzQc2sU2fuKaI9LWNQkgL0fCgAs8i6oyRlqTJOJSncyRQpSVmGjEpJuh65btYm47dauY2S9Hmn8tm9U/3qpux1LofdPO6MnujU4NS0+9/Bybqi3Feec2x2XzK7Txh16sOzpAA9HwrALLLuKElZqoxTSQp3MkVKUpYho1KSrkeum7XJ+K1WbqMkfUIVvW4LVV2tK2H/sHTRVTA0LJZ1j25/yIudf86ZLj+Pn1oR7SfSWSUpQM+HAjCLrDtKUpYq41SSwp1MkZKUZciolKTrketmbTJ+q5XbKEl/5VTRSoFqWOs6FbIeVK5uGw+KYEfDSll3dHii/th182vHJ9y88H3CqL7XL5IC9HwoALPIuqMkZakyTiUp3MkUKUlZhoxKSboeuW7WJuO3WrmNkvSf1HfSJqpcXT0sR4eFs+HjK3ffOksF7XD835uqWL3yMVZEe9qpD8+SAvR8KACzyLqjJGWpMk4lKdzJFClJWYaMSkm6Hrlu1ibjt1q5jZL0SYP6WJIrp8ODSta5/Z3TCQb1s77p8cHpKafD/ePT6U4tBy97PKaI9pyuJweSAvR8KACzyLqjJGWpMk4lKdzJFClJWYaMSkm6HrnukvTTcjVm+0B6pCRdrdxGSfoLp6rWyW+LVN1zB4WvK31Z7OaEp6+gXT2hi25OkdLbBIW0lnRUSQrQ86EAzCLrjpL0hbpl53AZWGvI7s/b5eExu18xjoZ3jq2mFrebknEqSeFOpkhJOq57N/7ALt5i75EeLUnXI9ddkrI8GaGSdLVyGyUpO5apUJIC9HwoALPIuqMkfZ27Etjg/8u9ra9dN+729am2KaKdZZxKUriTKVKSjrt7592/5R59CYNfy6iUpOuR6y5JWZ6MUEm6WrmNkpQdy1QoSQF6PhSAWWTdUZK+ysjG+yrqtuuD77ecfjzt38/b+qv9/Ul3jp+4rwSsXu6sJIU7mSIl6bjBm+z0JrzWHVNEe6n0bEm6HrnukpTlyQiVpKuV2yhJ2bFMhZIUoOdDAZhF1h0l6Ysc9+Onbfdlj369Rb9syvst+qFv1j3ra7JMNlEYO7/UxqUXSlK4kylSko6rN+jp7Tl4j/X16v6dpYj2Uv2YXCRdj1x3ScryZIRK0tXKbZSk7FimQkkK0POhAMwi646S9CXOda3j9vvP1/epLHb4rv36lW6H/ufrqw51e/nasI+2P232H7t/1gbk3kpSuJMpUpKO699k3Vu0f9fl7dcX0M7vIkW0l8qolKTrkesuSVmejFBJulq5jZKUHctUKEkBej4UgFlk3VGSvsKgznW19x4Wxfpt+qWylkPX2/Vh+2nHVrvY4ff9eZEU7mSKlKTjbt5kxx/j8qZSRHup9G9Juh657pKU5ckIlaSrldsoSdmxTIWSFKDnQwGYRdYdJenrHLfetyW0gZvq2Gi97D68PsdDm9v1575KUriTKVKSjuveZIfD+a9QX9425/da/zesFdFeJt1akq5HrrskZXkyQiXpauU2SlJ2LFOhJAXo+VAAZpF1R0n6Kn+/DlX/ym78uA2/r4qV85F8Q23E2DP7p33t46to6YaSFO5kipSk467ek3mr3rzVfBPtpfouvki6HrnukpTlyQiVpKuV2yhJ2bFMhZIUoOdDAZhF1h0l6WtkM35y2X8PduM3G/OrrXwZDS8uh68eHT161mr1fXmRFO5kipSk48beZDfvIkW0l+rH5CLpeuS6S1KWJyNUkq5WbqMkZccyFUpSgJ4PBWAWWXeUpC/Rb8LHKlndgf4/g3Z0+P7799xibCs/Hp6cvrB2OXr6uQp2gxNvR39/F0nhTqZISTqu3mT1Dhp54yqivVS6uSRdj1x3ScryZIRK0tXKbZSk7FimQkkK0POhAMwi646S9LX6nflwU36qnyUZFMl+UUSrc94dPZUBNrvb7zpuICncyRQpScdNvI1OTkcU0V4qfVuSrkeuuyRleTJCJelq5TZKUnYsU6EkBej5UABmkXVHSfoi2YlftufHvfpAn3dR7c1H62X3YfeUik5Ha8t/3uR3Ta6CrTjd1llSuJMpUpKOq/dLgyLay6RHS9L1yHWXpCxPRqgkXa3cBkzIRAHo+VAAZpF1R0n6Ct2+/LzpviunDfbtl/BUEWvs6IfnGDvvtvVdcJEU7mSKlKTj8s57xDfRXiqjUpKuR667JGV5MkIl6WrlNmBCJgpAz4cCMIusO0pSlirjVJLCnUyRkpRlyKiUpOuR6y5JWZ6MUEm6WrkNmJCJAtDzoQDMIuuOkpSlyjiVpHAnU6QkZRkyKiXpeuS6S1KWJyNUkq5WbgMmZKIA9HwoALPIuqMkZakyTiUp3MkUKUlZhoxKSboeue6SlOXJCJWkq5XbgAmZKAA9HwrALLLuKElZqoxTSQp3MkVKUpYho1KSrkeuuyRleTJCJSkA7IBfe8AssrIuSVmqjFNJCncyRUpSliGjUpKuR667JP2Rxj9R8YN/5IJfyAiVpACwA37tAbPIyrokZakyTiUp3MkUKUlZhoxKSboeue6S9EeqiJZ/WjnOZTVFtNdK/5akALADfu0Bs8jKmnXKKMKdTJGSlGXIqJSk65HrLklbvg9p37mUyvqy2mF4bHiUf5L+LEkBYAf82gNmkZU165RRhDuZIiUpy5BRKUnXI9ddkv5IV0nrv3f2fUil7OrLZ76J9loZoZIUAHbArz1gFllZs04ZRbiTKVKSsgwZlZJ0PXLdJelP9H+L8/SXN48Pu3pZ98fhUP+hNEW018oIlaQAsAN+7QGzyMqadcoowp1MEdYgY7Yeue6S9AfO/yW0vlLWfSvtz5++flbFM0W01zr19llSANgBv/aAWWRlzTplFOFOpghrkDFbj1x3SdrWfevsXDTrvnrWldFO30HL99IU0V7rNEBnSQFgB/zaAxYnq/KSlGnpqYEcgFfLDGMNMmbrkesuSZv+fv05fOVf5zzpi2inqtmpiqaI9lqnATpLCgA74NcesCxZkg/kANPSU3dyGF4nc4s1yJitR667JG3pv33W/YXOKqL1j7t/l/OqqqaI9kIZoZIUAHbArz1gQbIeH8gBHkpnTUgjeIXMKtYgY7Yeue6StOX766v/dwRSM+se9QWzYeFMEe21MkIlKQDsgF97wFJkMT6QA/xAumxCGgEsWD6wStIfqSLad/ePCqRcdszqoSLaa2WESlIA2AG/9oClyGJ8IAf4sXTchDQCWKR8VJWkP3Iqog3KZtcU0V4rI1SSAsAO+LUHLEJW4gM5wO+lByekEcDC5EOqJP2R+ibare6bab2xgzwrnVqSAsAO+LUHfF6W4QM5wLPSj9PSDmAx8vFUkrI8GaGSFAB2wK894POyDB/IAf5NenNa2gEsQD6YSlKWJyNUkgLADvi1B3xY1uADOcCLpFsnpBHAp+VTqSRleTJCJSkA7IBfe8AnZQE+kAO8Wvp3QhoBfE4+j0pSlicjVJICwA74tQd8UhbgAznAPNLLE9II4BPySVSSsjwZoZIUAHbArz3gY7L6HsgB5pS+npZ2AO+Vz6CSlOXJCJWkALADfu0Bn5Gl90AO8Bbp9GlpB/Au+fQpSVmejFBJCgA74Nce8AFZdw/kAO+V3p+WdgDzy+cOa5PxA4Ad8GsP+ICsuwdygE/IGExII4CZ5UOHtcn4AcAO+LUHvFsW3QM5wEdlMCakEcBs8nHD2mT8AGAH/NoD3ior7oEcYBkyKhPSCGAG+aBhbTJ+ALADfu0Bb5UV90AOsBgZmGlpB/BS+YhhbTJ+ALADfu0B75Pl9kAOsDwZoWlpBwAAsA92QcCbpPQykAMsWIZqWtoBAABsnf0P8CYpugzkAIuXAZuQRgAAAJtm8wO8Q8otAznAemTkJqQRAADARtn2ALNLlWUgB1ibjN+0tAMAANgcGx5gXimuDOQAq5WBnJZ2AAAAG2KrA8wrZZWBHGDlMpzT0g4AAGATbHKAGaWaMpADbEXGdUIaAQAArJ8dDjCX1FEGcoDNyQBPSCMAAIA1s7cB5pIKykAOsFEZ5glpBAAAsE52NcAsUjgZyAE2LYM9Le0AAADWxn4GeL3USwZygH3IqE9LOwAAgPWwkwFeL5WSgRxgTzL209IOAABgDexhgBdLgWQgB9ilTIIJaQQAALB4NjDAK6U0MpAD7Ftmw4Q0AgAAWDBbF+BlUhEZyAHoZVpMSCMAAIBFsmkBXia1kIEcgJKZMS3tAAAAFsZ2BXiNlEAGcgDuZIpMSzsAAIDFsFEBXiCVj4EcgGmZK9PSDgAAYAFsUYAXSM1jIAegJTNmQhoBAAB8mv0J8K9S7RjIAfixTJ0JaQQAAPA5dibAP0mRYyAH4JcygaalHQAAwCfYkwD/JOWNgRyAp2QaTUs7AACA97IbAZ6XqsZADsC/yXyalnYAAADvYh8CPCnFjIEcgBfJxJqQRgAAAG9hEwI8I2WMgRyAV8sMm5BGAAAAM7P9AJ6RAsZADsA8Ms8mpBEAAMBsbDyAX0vdYiAHYE6ZbRPSCAAAYB52HcDvpGIxkAPwFpl2d3IYAABgHnYdwO+kYjGQA/BGmXwDOQAAADAPuw7gF1KuGMgB+ITMQvMQAACYn40H8FMpVwzkAAAAAGydPTDwU6mcDeQAAAAAbJ09MKxPKljMI70MAAAAA7aLsD4p9jCP9DIAAAAM2C7C+qTYwzzSyxuSG2MHMuQAAMAMLLhhfbJdZh7p5Q3JjbEDGXIAAGAGFtywPtkuM4/08obkxtiBDDkAADADC25Yn2yXS1KelX4sSTckN8YOZMgBAIAZWHDD+mS7XJLyrPRjSbohuTF2IEMOAADMwIIb1ifb5ZKUZ6UfS9INyY2VpGxCBrUkBQAAZmDBDeuT7XJJyrPSjyXphuTGSlI2IYNakgIAADOw4Ib1yXa5JOVZ6ceSdENyYyUpm5BBLUkBAIAZWHDD+mS7XJLyrPRjSbohubGSlE3IoJakAADADCy4YX2yXS5JeVb6sSTdkNxYScomZFBLUgAAYAYW3LA+2S6XpDwr/ViSbkhurCRlEzKoJSkAADADC25Yn2yXS1KelX4sSTckN1aSzuT7kJf577/D9130339/vr6//uTxUDXu/T02+fP1Nz+dztA16P4c5p1jdhtNhHeOra5edo3SfSUpAAAwAwtuWJ9sl0vSN6hSRul+vrgpR6ynDpLrL0k3JDdWkv6bbhhHjYzGeYyOc+I4pN3MuG51m9wN/aDB7by6btxdVtfw7gyjzhe2Yun2khQAAJiBBTesT7bLJenMuurExalAcalU3NdF7qoYy62D5J5K0g3JjZWk/2wwQN2IDkbrZjrUGOXPvvGdS/ubZ3euouNphu1PP55e/HxJ5wcX4y977/Z5C5erLkkBAIAZWHDD+mS7XJLObFCVqIeDysZt3WNVdZA8qSTdkNxYSfoCwzEdjtvN2B+TY3BsfGpwPzlu58bp8WUCdKe8uDy3f96hb9Y962tyekxMiPNLrVjusCQFAABmYMEN65Ptckk6s66icTj0ZZBTcaMrYJyLEzd1kXNx4tQ0jwYWVQfJC5SkG5IbK0n/xfVoTjsNWj9Gx//JEN5MlqNBch7PY3b+z6cNnz3QPe3P11cd6i6qzjvavmvQcv+shct1l6QAAMAMLLhhfbJdLklndqpKHP/3VNA4HO7/Rmbv8N09XFUdJE8rSTckN1aS/ovRsbl1bnR8cBzUc6Wse3DvNOyD8a150Bu+YJ5fMyqHzqfvDdtPO7a6epU16vvqIikAADADC25Yn2yXS9KZDaoSjQLF8XBZRx2kv9SLpBuSGytJ/8WPxubcqMYoQYZ5MNrXA9//fDWoxycO3Lzy6LXch9fneOjqtZcu11ySAgAAM7DghvXJdrkk/aVTFetHzt8muxiJjoZlixXVQfKUknRDcmMl6T/rSl9TrkbuOG6n8Tg9qJLZVelsMNp/vw717Iz4sdXg+I3zkenrGXtm/7Sv9X8VLbdYkgIAADOw4Ib1yXa5JJ3ZoIiRh1c1kJsix6rqIHmFknRDcmMl6Uvcj2k/hNcjcmzUB5kxl4mTZx//6J7y9293ov6HcjnPYLYNHnbuL+FoNLy4HL56dPToWYvU99NFUgAAYAYW3LA+2S6XpDPrig1X/7DAqZiRmsN1XeNUjojl10H6y7xIuiG5sZL0RbqhHA7r+Eh2/3ZEp2s4HPx+xIbPuAtKd6D/67/9WU4Ft94xGn3JqWnQX+Tg6OnnuofBidehv/aLpAAAwAwsuGF9sl0uSeeVwsd3952iS4GiS48Pu8pGVUWOuh9HSxindv3h45+LqYP0T71IuiG5sZL0hU5DejSYBQPHw8MDmUvdn5k8Y+Pcj+nwwOlFkgwmx+DhxWh4Pufd0dMEGr/6hes6ZSApAAAwAwtuWJ9sl0vSeQ3LDsPHD6sPK6mDdNc0kHRDcmMl6WuchvTo8NUPQPfodgyObYbZaaQGDftznEczhy+je36JXp930eDZ1zOhcx92T6nodLSu43xtXZOrYA1Ol3yWFAAAmIEFN6xPtssl6ayuahLnH/qiw/nfGBgULdZVBzk94yzphuTGStJ/UL18NNLRg6On48dg2Ow4aKOj3TXu/ji3vZtGg3NfwmPU/XA+MurqBUfOu1797V0kBQAAZmDBDeuT7XJJOqfvVEGqUNH919GOf1wVUFKZWGEdpD/7RdINyY2VpGxCBrUkBQAAZmDBDeuT7XJJyrPSjyXphuTGSlI2IYNakgIAADOw4Ib1yXa5JOVZ6ceSdENyYyUpm5BBLUkBAIAZWHDD+mS7XJLyrPRjSbohubGSlE3IoJakAADADCy4YX2yXS5JeVb6sSTdkNxYScomZFBLUgAAYAYW3LA+2S6XpDwr/ViSbkhurCRlEzKoJSkAADADC25Yn2yXS1KelX4sSTckN1aSsgkZ1JIUAACYgQU3rE+2yyUpz0o/lqQbkhsrSdmEDGpJCgAAzMCCG9Yn2+WSlGelH0vSDcmNlaRsQga1JAUAAGZgwQ3rk+1yScqz0o8l6YbkxkpSNiGDWpICAAAzsOCG9cl2uSTlWenHknRDcmMlKZuQQS1JAQCAGVhww/pku1yS8qz0Y0m6IbmxkpRNyKCWpAAAwAwsuGF9sl0uSXlW+rEk3ZDcWEnKJmRQS1IAAGAGFtywPtkul6Q8K/1Ykm5IbqwkZRMyqCUpAAAwAwtuWI3sku/kMM9KP5akG5IbK0nZhAxqSQoAAMzAghuWJVvh38gzeVb6sSTdkNxYScomZFAHcgAAAHg1q234jOx3WZ6M0IbkxkpSNiGDOiYtAACAF7HIhhllL8uqZPA2JDdWkrIJGdRpaQcAAPwzy2t4gexW2YQM6obkxkpSNiGD2pLWAADAP7Cwhl/IfvRDchFqdjNLL29Ibozdy4QAAACeYkkNt7Ld/JBcxENpyjzSyxuSG4OSmQEAAPyGlTT7ld3kh+QiFiwXar+9fhlIdiBD/rNBT1MAAOBnrKHZuGwWPyQXsUK5gZKUdcoosgMZ8pL0oTQFAABarJ7ZiGwHPyQXsSG5sZKUdcoosgMZ8ms59lCaAgAA06ybWZls+D4kF7F1uduBHIBNy3QvSbcid9WS1gAAwB3LZZYom7kPyUXsVXphIAdg6zLjS9LNye09lKYAAMCAhTKflO3ah+QiuJbeGcgB2LrM+JJ0o3KTD6UpAADQs0TmHbIh+5BcBD+QLhvIAdiBTPqSdNNyqw+lKQAA7J7FMS+T/daH5CL4N+nNkhT2IfO+JN2B3HBLWgMAwF5ZE/Nr2U59SC6CGaSLB3IA9iHzviTdk9z5Q2kKAAD7YzXMuOyWPiQXwRul6wdyAHYjU78k3Z/c/0NpCgAAe2IdvHfZD31ILoIFyJAM5ADsRqZ+SbpX6YWH0hQAAPbBCnhfsu95u7w8S5VxGsgB2JPM/pJ039IXLWkNAACbZuH7pOwbmF96nDmlrwdyAPYks78kpZdOeShNAQBgoyx5n5QdA/NLjzObdPRADsDO5A1QkjKQrnkoTQEAYHMsdp+UvQLzS48zj/TyQA7A/uQ9UJJyJx30UJoCAMCGWOY+KbsE5pceZx7p5YEcgP3Je6AkZUK6qSWtAQBg/axun5TNAfNLjzODdPFADsAu5W1QktKS/nooTQEAYM2sa5+UbUFJyiukT0tSZpAuHsgB2KW8DUpSfia99lCaAgDAOlnRPikbgpKUV0iflqS8Wvp3IAdgr/JOKEn5jfTdQ2kKAABrYy37pGwFSlJeIX1akvJq6d+SFHYsb4aSlN9LD7akNQAArIQl7JOyAyhJeYX0aUnKS6VzB3IAdixvhpKUf5CufChNAQBg8Sxen5S1f0nKK6RPS1JeJz07kAOwb3k/lKT8s3ToQ2kKAAALZtn6pKz6S1JeIX1akvI66dmBHIB9y/uhJOVF0q0taQ0AAMtjtfqkLPZLUl4hfVqS8iLp1oEcgN3LW6Ik5aXSuS1pDQAAS2Kd+qQs80tSXiF9WpLyIunWkhTw7niv9PJDaQoAAMtghfqkLPBL0vf5Pvz35+tv9+jv15962LkcmHRscvjO4yVKn5akvEL6dCAHAB8+n5C+fihNAQDg06xNn5SlfUn6NlelsuEPP6ihKaLtVTp0IAeAXt4YJSnzS4+3pDUAAHyIJemTsqIvSd/l+5DX/a8vmXU/Hr6+/iQ66451X1T7iWbp7X1yRSUp/ywdOpADQMl7oyTlLdLpLWkNAABvZzH6pKzlS9I3mfwq2d+vPz8ohvkm2h6lNwdyABjI26Mk5b3S+w+lKQAAvJFl6JOyii9J32PwPbTratjxwJ+vv913z4bxsPmUBX0PzSZ2HunNkhS4lndISconZAweSlMAAHgLC9AnZf1ekr7F9+Hw3f8tzb5SlhJZ9zjfMLstot1Ju8Xqb+giKf8gXTmQA8C1vENKUj4nI9GS1gAAMCfrzidl2V6Svs+wUpbH9984Gw0nLaawluspSXlW+nEgB4A7eZOUpHxaxqMlrQEAYB5WnE/Kgr0kfYuvq38p4DD4VtrJw2+ifXd/4/Nr2V9Fy52VpDwr/TiQA8CdvElKUhYjA/NQmgIAwKtZaz4pS/WS9H3uv4k29p2zm1JZX0Hr/+NnV4+O/DfRtiqdOJADwJi8T0pSFibD81CaAgDA61hlPimL9JL0fe6LaKfHR+PfROvSYbHs9HPV2f7+VUTbpnRiSQpMyFulJGWRMkgtaQ0AAP/M4vJJWZuXpO9zqpQd//fQ/uucfb3sz9ffy9fPoj8wUnD7sFOXniXl99KDAzkATMhbpSRlwTJULWkNAAD/wLLySVmVl6Tvc6p/dUWxPJr4G5nd39asI6ciWrU/185Of6FzQcW00+WcJeWX0n0DOQBMy7ulJGUNMmYPpSkAADzFgvJJWY+XpG/TV8K6qlf3oK9+VW3sylVdLC3Gi21L0l/6RVJ+Kd03kAPAtLxbSlLWIyP3UJoCAMAvWUo+KSvxkpRXSJ+WpPuT+9+xdAS8USZfScraZPxa0hoAAH7GCvJJWYCXpLxC+rQk3Z/c/46lI+CNMvlKUlYrA/lQmgIAQIu145Oy9C5JeYX0aUm6P7n/HUtHwBtl8pWkrFyG86E0BQCAaVaNT8qiuyTlFdKnJen+5P53LB0Bb5TJV5KyCRnUh9IUAADGWC8+KcvtkpRXSJ+WpPuT+9+xdAS8USZfScqGZGhb0hoAAAYsE5+UVXZJyiukT0vS/cn99xJtXe62JIU3yuQrSdmijPFDaQoAAD0LxCdlfV2S8grp05J0f3L/vURbl7stSeGNMvlKUrYrI/1QmgIAsHuWhk/Kyrok5RXSpyXp/uT+e4m2LndbksIbZfKVpGxdxnta2gEAsG/WhU/Ksrok5RXSpyXp/uT+e4m2LndbkrJLmQQsT0Zoi3KHY9ICAIB9sy58UpbVJSmvkD4tSfcn999LtHW525KUXcokYHkyQpuWWx3IAQAA9s268ElZVpekvEL6tCTdn9x/L9HW5W5LUnYpk4DlyQitR66bD8kwAABsgsXNk7I2LEl5hfRpSbo/uf9eoq3L3Zak7FImAcuTEVqPXDcfkmEAANgEi5snZW1YkvIK6dOSdH9y/71EW5e7LUnZpUwClicjtB65bj4kwwAAsAkWN0/K2rAk5RXSpyXp/uT+e4m2LndbkrJLmQQlKZ+QMShJ1yPXzYdkGAAANsHi5klZG5akvEL6tCTdn9x/L9HW5W5LUnYpk6Ak5RMyBiXpeuS6+ZAMAwDAJljcPClrw5KUV0iflqT7k/vvJdq63G1Jyi5lEpSkfELGoCRdj1x3Scps0tElKQDAJljcPClrw5KUV0iflqT7k/vvJXrK368///35+puf+h8P390fg7D3fTgladE/OCXfh+EZLo75qeXpSXdGn/RAnlaSskuZBCUpn5AxKEnXI9ddkjKbdHRJCgCwCRY3T8rasCTlFdKnJen+5P57iZ5xUwC71L3uK2PHpDt0KbNdWqZUduXS4PTDzdnuk6bcbUnKLmUSlKR8QsagJF2PXHdJymzS0SUpAMAmWNw8KWvDkpRXSJ+WpPuT++8lesJNAWxYORupcn0fztWz+l5a/5xr/QnPz+6a/3f4UkTjpTIJSlI+IWNQkq5HrrskZTbp6JIUAGATLG6elLUh80uP70/uv5fo16qQ1RW6jg/6eteYyWPHA4MyXNfm9LhO3Edddg7O7pOmvGhJyi5lEpSkfELGoCRdj1x3Scps0tElKQDAJljcPClrQ+aXHt+f3H8v0S+dy1in75/19a6RgthQ1/JwGPxH1PqvodVP5xOeTnVyn5ydz/JDeVpJyi5lEpSkfELGoCRdj1x3Scps0tElKQDAJljcPClrQ+aXHt+f3H8v0S9d/h5mVy3LT1NFtNPhLrmphx0O9VW026f0Jbfb+trZfdKUVyxJ2aVMgpKUT8gYlKTrkesuSZlNOrokBQDYBIubJ2VtyPzS4/uT++8l+t//xr7vNSEVrO+UwLr/xtn31NMvpbGulnZVKBvUzgY1s06duaeIxmtlEpSkfELGoCRdj1x3Scps0tElKQDAJljcPClrQ+aXHt+f3H8v0a/dlL3O5bCbx52uenbn1ODUtPvfwcm6otxXnnNsdl8yu0+aTmc7S8ouZRKUpHxCxqAkXY9cd0nKbNLRJSkAwCZY3MBCZf/RS/RLXdnrrCtoXQVDw2JZ/9SbH1JhO/+cM11+Hj+1IhpPyyQoSfmEjEFJuh657pKU2aSjS1IAgE2wuIGFyv6jl+hfDQtjV0Wy3rBS1h0dlsD6Y9fNrx2f4JtovFAmQUnKJ2QMStL1yHWXpMwmHV2SAgBsgsUNLFT2H71ET+nqYb3T38icLqLF3bfOUkE7HP/3piqWpl2siMZrZRKUpHxCxqAkXY9cd0nKbNLRJSkAwCZY3MBCZf/RS/RLp/LZoJJ1CsacSmaD+lnf9Pjg9JTT4f7x6XSnloNC2/GYIhovlElQkvIJGYOSdD1y3SUps0lHl6QAAJtgcQMLlf1HL9G/6qpgg8LXlb4sdlP1On0F7eoJXXRzipTeJvymkJanlKTsUiZBSconZAxK0vXIdZekzCYdXZICAGyCxQ0sVPYfvURbl7stSdmlTIKS9Beui7vnYu5oJXmqEDwsAR/b/ParlVuR3ihJ1yPXXZIym3R0SQoAsAkWN7BQ2X/0Em1d7rYkZZcyCUrSX7gUva7KX4++jjly8PK3khXRStL1yHWXpMwmHV2SAgBsgsUNLFT2H71EW5e7LUnZpUyCkvQXzkWv44NBYexSFbs3ckwR7ShjUJKuR667JGU26eiSFABgEyxuYKGy/+gl2rrcbUnKLmUSlKS/kKLX7ZfLHtTCuqZD3dMU0Y7SHyXpeuS6S1Jmk44uSQEANsHiBhYq+49eoq3L3Zak7FImQUn6C6ei113p6xhM/HXO45HLgXqeItpRxqAkXY9cd0nKbNLRJSkAwCZY3MBCZf+xY+kIdimToCT9hRS9br6J1n/bbKwYdqmWdc4/KaIdZQxK0vXIdZekzCYdXZICAGyCxQ0sVPYfO5aOYJcyCUrSXzgXva6qX8cfju6rYcd8UGq7PEUR7agfgYuk65HrLkmZTTq6JAUA2ASLG1io7D92LB3BLmUSlKS/cCl6Dcpf/cPvqy+ddU4t+m+p/fff4Wvw5TVFtKN+BC6SrkeuuyRlNunokhQAYBMsbmChsv/YsXQEu5RJUJL+wkgRrauSdY+6P4f/XbTvw6U81lfSrn68Pcv+ZAxK0vXIdZekzCYdXZICAGyCxQ0sVPYfO5aOYJcyCUrSX+iKXofD6d/bPFXMBmWwyYpY1dmKItpR34cXSdcj112SMpt0dEkKALAJFjcALE723yXpL9wUvW6rY8fDV99G642GoYhWkq5HrrskXYZuXl5NucyzR1Nx8dLRJSkAwCZY3ACwONl/l6S/MCx6dRWJu5JEV74YhLdVtluKaCXpeuS6S9JlmCqiHbVm5HKlo0tSAIBNsLgBYHGy/y5Jf+FcjHhQi6g6Wv05oq+/ney1hqaINqO7ItoxWP1ES0eXpAAAm2BxA8DiZP9dkvIJGYOSdD1y3SXppw3Ks52qnJ2KaH1ZN9ZXU8uFl6QAAJtgcQPA4mT/XZLyCRmDknQ9ct0l6SIMvgM5rJut/FuPuYmSFABgEyxuAFic7L9LUj4hY1CSrkeuuyRdgnPhbFA06/8e8tfwa2rjf9F4wXLdJSkAwCZY3ACwONl/l6R8QsagJF2PXHdJugDfhz+HQ//fRDs++voefhVtdYWzodxDSQoAsAkWNwAsTvbfJSmfkDEoSdcj112Sflr3LbTD9+l/E51c/n3O/AfS+odrko4uSQEANsHiBoDFyf67JOUTMgYl6XrkukvST/s+dMWzkSJaou6P//58ff9VRAMAWBCLGwAWJ/vvkpRPyBiUpOuR6y5Jl2GkiHYqn53/Rufgi2lr0XfzRVIAgE2wuAFgcbL/Lkn5hIxBSboeue6SdBluimjfp39Q4M+fP1U5W2ENzZsXANgyixsAFif775KUT8gYlKTrkesuSZehimipnp3raadvox2+u/z2m2qL19/KRVIAgE2wuAFgcbL/Lkn5hIxBSboeuW4+JMMAALAJFjcALE723yUpn5AxKEnXI9fNh2QYAAA2weIGgMXJ/rsk5RMyBiXpeuS6+ZAMAwDAJljcALA42X+XpHxCxqAkXY9cNx+SYQAA2ASLGwAWJ/vvkpRPyBiUpOuR6+ZDMgwAAJtgcQPA4mT/zfJkhAAAYH+shgFYnBRsWJ6MEAAA7I/VMACLk4INy5MRAgCA/bEaBmBxUrBheTJCAACwP1bDACxOCjYsT0YIAAD2x2oYAAAAABoU0QAAAACgQRENAAAAABoU0QAAAACgQRENAAAAABoU0QAAAACgQRENAAAAABoU0QAAAACgQRENAAAAABoU0QAAAACgQRENAAAAABoU0QAAAACgQRENAAAAABoU0QAAAACgQRENAAAAABoU0QAAAACgQRENAAAAABoU0QAAAACgQRENAAAAABoU0QAAAACgQRENAAAAABoU0QAAAACgQRENAAAAABoU0QAAAACgQRENAAAAABoU0QAAAACgQRENAAAAABoU0QAAAACgQRENAAAAABoU0QAAAACgQRENAAAAABoU0QAAAACgQRENAAAAABoU0QAAAACgQRENAAAAABoU0QAAAACgQRENAAAAABoU0QAAAACgQRENAAAAABoU0QAAAACgQRENAAAAABoU0QAAAACgQRENAAAAABoU0QAAAACgQRENAAAAABoU0QAAAACgQRENAAAAABoU0QAAAACgQRENAAAAABoU0QAAAACgQRENAAAAABoU0QAAAACgQRENAAAAABoU0QAAAACgQRENAAAAABoU0QAAAACgQRENAAAAABoU0QAAAACgQRENAAAAABoU0QAAAACgQRENAAAAABoU0QAAAACgQRENAAAAABoU0QAAAACgQRENAAAAABoU0QAAAACgQRENAAAAABoU0QAAAACgQRENAAAAABoU0QAAAACgQRENAAAAABoU0QAAAACgQRENAAAAABoU0QAAAACgQRENAAAAABoU0QAAAACgQRENAAAAABoU0QAAAACgQRENAAAAABoU0QAAAACgQRENAAAAABoU0QAAAACgQRENAAAAABoU0QAAAACgQRENAAAAABoU0QAAAACgQRENAAAAABoU0QAAAACgQRENAAAAABoU0QAAAACgQRENAAAAABoU0QAAAACgQRENAAAAABoU0QAAAACgQRENAAAAABoU0QAAAACgQRENAAAAABoU0QAAAACgQRENAAAAABoU0QAAAACgQRENAAAAABoU0QAAAACgQRENAAAAABoU0QAAAACgQRENAAAAABoU0QAAAACgQRENAAAAABoU0QAAAACgQRENAAAAABoU0QAAAACgQRENAAAAABoU0QAAAACgQRENAAAAABoU0QAAAACgQRENAAAAABoU0QAAAACgQRENAAAAABoU0QAAAACgQRENAAAAABoU0QAAAACgQRENAAAAABoU0QAAAACgQRENAAAAABoU0QAAAACgQRENAAAAABoU0QAAAACgQRENAAAAABoU0QAAAACgQRENAAAAABoU0QAAAACgQRENAAAAABoU0QAAAACgQRENAAAAABoU0QAAAACgQRENAAAAABoU0QAAAACgQRENAAAAABoU0QAAAACgQRENAAAAABoU0QAAAACgQRENAAAAABoU0QAAAACgQRENAAAAABoU0QAAAACgQRENAAAAABoU0QAAAACgQRENAAAAABoU0QAAAACgQRENAAAAABoU0QAAAACgQRENAAAAABoU0QAAAACgQRENAAAAABoU0QAAAACgQRENAAAAABoU0QAAAACgQRENAAAAABoU0QAAAACgQRENAAAAABoU0QAAAACgQRENAAAAABoU0QAAAACgQRENAAAAABoU0QAAAACgQRENAAAAABoU0QAAAACgQRENAAAAABoU0QAAAACgQRENAAAAABoU0QAAAACgQRENAAAAABoU0QAAAACgQRENAAAAABoU0QAAAACgQRENAAAAABoU0QAAAACgQRENAAAAABoU0QAAAACgQRENAAAAABoU0QAAAACgQRENAAAAABoU0QAAAACgQRENAAAAABoU0QAAAACgQRENAAAAABoU0QAAAACgQRENAAAAABoU0QAAAACgQRENAAAAABoU0QAAAACgQRENAAAAABoU0QAAAACgQRENAAAAABoU0QAAAACgQRENAAAAABoU0QAAAACgQRENAAAAABoU0QAAAACgQRENAAAAABoU0QAAAACgQRENAAAAABoU0QAAAACgQRENAAAAABoU0QAAAACgQRENAAAAABoU0QAAAACgQRENAAAAABoU0QAAAACgQRENAAAAABoU0QAAAACgQRENAAAAABoU0QAAAACgQRENAAAAABoU0QAAAACgQRENAAAAABoU0QAAAACgQRENAAAAABoU0QAAAACgQRENAAAAABoU0QAAAACgQRENAAAAABoU0QAAAACgQRENAAAAABoU0QAAAACgQRENAAAAABoU0QAAAACgQRENAAAAABoU0QAAAACgQRENAAAAABoU0QAAAACgQRENAAAAABoU0QAAAACgQRENAAAAABoU0QAAAACgQRENAAAAABoU0QAAAACgQRENAAAAABoU0QAAAACgQRENAAAAABoU0QAAAACgQRENAAAAABoU0QAAAACgQRENAAAAABoU0QAAAACgQRENAAAAABoU0QAAAACgQRENAAAAABoU0QAAAACgQRENAAAAABoU0QAAAACgQRENAAAAABoU0QAAAACgQRENAAAAABoU0QAAAACgQRENAAAAABoU0QAAAACgQRENAAAAABoU0QAAAACgQRENAAAAABoU0QAAAACgQRENAAAAABoU0QAAAACgQRENAAAAABoU0QAAAACgQRENAAAAABoU0QAAAACgQRENAAAAABoU0QAAAACgQRENAAAAABoU0QAAAACgQRENAAAAABoU0QAAAACgQRENAAAAABoU0QAAAACgQRENAAAAABoU0QAAAACgQRENAAAAABoU0QAAAACgQRENAAAAABoU0QAAAACgQRENAAAAABoU0QAAAACgQRENAAAAABoU0QAAAACgQRENAAAAABoU0QAAAACgQRENAAAAABoU0QAAAACgQRENAAAAABoU0QAAAACgQRENAAAAABoU0QAAAACgQRENAAAAABoU0QAAAACgQRENAAAAABoU0QAAAACgQRENAAAAABoU0QAAAACgQRENAAAAABoU0QAAAACgQRENAAAAABoU0QAAAACgQRENAAAAABoU0QAAAACgQRENAAAAABoU0QAAAACgQRENAAAAABoU0QAAAACgQRENAAAAABoU0QAAAACgQRENAAAAABoU0QAAAACgQRENAAAAABoU0QAAAACgQRENAAAAABoU0QAAAACgQRENAAAAABoU0QAAAACgQRENAAAAABoU0QAAAACgQRENAAAAABoU0QAAAACgQRENAAAAABoU0QAAAACgQRENAAAAABoU0QAAAACgQRENAAAAABoU0QAAAACgQRENAAAAABoU0QAAAACgQRENAAAAABoU0QAAAACgQRENAAAAABoU0QAAAACgQRENAAAAABoU0QAAAACgQRENAAAAABoU0QAAAADgof/97/82GGgo5FeNswAAAABJRU5ErkJggg==',2132,'2019-03-24 17:15:07',1),(3,'数据结构2','data:image/png;base64,iVBORw0KGgoAAAANSUhEUgAABmwAAAMiCAIAAADsC3tYAAAAAXNSR0IArs4c6QAAAARnQU1BAACxjwv8YQUAAAAJcEhZcwAADsMAAA7DAcdvqGQAAE50SURBVHhe7d1bgto6FgXQO64MiPHUaGoyGUw3NvuAARtVEQx+rPXRobaFsSVBSafJzX//AwAAAAAeUkQDAAAAgAZFNAAAAABoUEQDAAAAgAZFNAAAAABoUEQDAAAAgAZFNAAAAABoUEQDAAAAgAZFNAAAAABoUEQDAAAAgAZFNAAAAABoUEQDAAAAgAZFNAAAAABoUEQDAAAAgAZFNAAAAABoUEQDAAAAgAZFNAAAAABoUEQDAAAAgAZFNAAAAABoUEQDAAAAgAZFNAAAAABoUEQDAAAAgAZFNAAAAABoUEQDAAAAgAZFNAAAAABoUEQDAAAAgAZFNAAAAABoUEQDAAAAgAZFNAAAAABoUEQDAAAAgAZFNAAAAABoUEQDAAAAgAZFNAAAAABoUEQDAAAAgAZFNAAAAABoUEQDAAAAgAZFNAAAAABoUEQDAAAAgAZFNAAAAABoUEQDAAAAgAZFNAAAAABoUEQDAAAAgAZFNAAAAABoUEQDAAAAgAZFNAAAAABoUEQDAAAAgAZFNAAAAABoUEQDAAAAgAZFNABo+A/+s2QCANg7K0IAaEgRhX3LbAAAYK+sCAGgIUUU9i2zAQCAvbIiBICGFFHYt8wGAAD2yooQABpSRGHfMhsAANgrK0IAaEgRpSRl6zLeJSkAAHtlRQgADSmilKRsXca7JAUAYK+sCAGgIUWUkpSty3iXpAAA7JUVIQA0pIhSkrJ1Ge+SFACAvbIiBICGFFFKUrYu412SAgCwV1aEANCQIkpJytZlvEtSAAD2yooQABpSRClJ2bqMd0kKAMBeWRECQEOKKCUpW5fxLkkBANgrK0IAaEgRpSRl6zLeJSkAAHtlRQgADSmilKRsXca7JAUAYK+sCAGgIUWUkvQFvg9/vv4e//z79ee/w/fpwSn5Pvx3enDl3K47PuHytK713UnGT3yXX15px9KjJSkAAHtlRQgADSmilKSv8H3oS1UpWV3VyMZKWFcNxmphw/j8uHvWpHqZ6xNOnH5n0kUlKQAAe2VFCAANKaKUpK/xfThXz+p7aX0N69rh+7oSdji0imhTZbCf5HcvfzL6vC3LfZekAADslRUhADSkiFKS/rPxb4j9+fr7ffke2uW7Z53LTxN1rqO+1HU+Q/eMq+LXsFh2cn2qP19fx58vL1nun7d96ZKSFACAvbIiBICGFFFK0hfpqlOHw6DU1Re16qe/9R9J610V0cZqWqe4a3bWte9POeZ8jnOx7fKC3ZMuxbSJF9y0dFJJCgDAXlkRAkBDiigl6T87lba6OtVV1ev0lzVP5atL1ax3+rH7G6BXNa2bVjGeTkiZ7dK+e/awaqaIZskEALB3VoQA0JAiSkn6Kl396qbYda5/3dXKOt2RFL1G9c84Nv5xBe3Y+PCnq5l9nV+uf+HvwdfgFNEsmQAA9s6KEAAaUkQpSf/ZaCHsVPk6VdGG3warqlYaXNW0zjW3s6q39Y4NR1/q/Lc5u3/R4FQ/Oz6vy/LH8MzHM/y8KLcR6aWSFACAvbIiBICGFFFK0le4Kn9d/ZCy131trE/6B1/H/7nXHe8OXz33quYWlR0bH/8ctLhq3F3H8URX17YXpw49SwoAwF5ZEQJAQ4ooJekLdBWqo3NdbFjo6o/d1K2qlHVqe/leWpksdV3VxaKy7j+xNmyRixoae60dyN2XpAAA7JUVIQA0pIhSkr5OylaDIlWfdP++wHXtK0Wy1NvuS2ZXSffDyc2/QxDX2ViLgfvX2oF0X0kKAMBeWRECQEOKKCXpSwzqZ33RKyWyqqj1jy/FrVMpqwpap4a3zmcY1sTyMrd+XETrzvioxrZN6aWSFACAvbIiBICGFFFK0n/WV7ZuSlN9diqglS46Vc46g2+VVTHt4j6JsRLZdTbSonvhs7un70BuvSQFAGCvrAgBoCFFlJKUrct4l6QAAOyVFSEANKSIUpKydRnvkhQAgL2yIgSAhhRRSlK2LuNdkgIAsFdWhADQkCJKScrWZbxLUgAA9sqKEAAaUkQpSdm6jHdJCgDAXlkRAkBDiiglKVuX8S5JAQDYKytCAGhIEaUkZesy3iUpAAB7ZUUIAA0popSkbF3GuyQFAGCvrAgBoCFFlJKUrct4l6QAAOyVFSEANKSIUpKydRnvkhQAgL2yIgSAhhRRSlK2LuNdkgIAsFdWhADQkCJKScrWZbxLUgAA9sqKEAAaUkQpSdm6jHdJCgDAXlkRAkBDiiglKVuX8S5JAQDYKytCAGhIEaUkZesy3iUpAAB7ZUUIAA0porBvmQ0AAOyVFSEANKSIwr5lNgAAsFdWhADQkCIK+5bZAADAXlkRAkBDiijsW2YDAAB7ZUUIAA0porBvmQ0AAOyVFSEAsDWpe6l8AQDwOhaXAPBhqfeo+LxIenMgBwAA4B9YVgLAJ6XMU5LyD9KVd3IYAACeYkEJAJ+R0s61HOMfpCsnpBEAAPySpSQAvFvKOWPSgn+T3nwoTQEA4GesIAHgrVLCGZMWvEi69aE0BQCAFmtHAHiTlG0mpBGvlv59KE0BAGCaVSMAvEOqNWPSgjmlrx9KUwAAGGO9CADzSoVmQhrxFun0h9IUAACuWSkCwIxSmBmTFrxdBuChNAUAgGKNCACzSDFmTFrwURmMh9IUAAAU0QBgDqnBjEkLliGj8lCaAgCwb9aFAPBKqbuMSQsWKYM0Le0AANgrK0IAeJmUW8akBcuW0ZqWdgAA7I+1IAC8QEosY9KC9cjIPZSmAADshiUgAPyrlFXGpAUrlCF8KE0BANgBiz8AeF5KKWPSgpXLcD6UpgAAbJplHwA8KRWUMWnBVmRcH0pTAAA2yoIPAH4tVZMxacEWZYwfSlMAADbHUg8AfifFkjFpwaZlsB9KUwAANsQiDwB+KgWSMWnBbmTgH0pTAAA2wfIOAH4kdZExacH+ZAY8lKYAAKychR0ANKQWMiYt2L1MiGlpBwDAalnSAcAjKYGMSQsomRnT0g4AgBWymAOAcSl7jEkLGJNZ8lCaAgCwHtZwADAipY4xaQEPZbo8lKYAAKyB1RsAXEl5Y0xawI9l6jyUpgAALJt1GwBEShoT0gh+L3PooTQFAGCprNgAoJNKxpi0gH+T+fRQmgIAsDzWagDsXaoXE9IIXiQT66E0BQBgSazSANi1FC3GpAXMIJPsoTQFAGAZrM8A2KkUKiakEcwps+2hNAUA4NOszADYo9QnxqQFvFEm37S0AwDgc6zJANiX1CTGpAV8SCbitLQDAOATrMYA2JGUIsakBXxaZuRDaQoAwBtZhAGwC6k9jEkLWJLMzofSFACAt7D8AmD7UnIYkxawSJmmD6UpAAAzs/ACYMtSZhiTFrB4mbIPpSkAALOx5AJgs1JdGJMWsB6Zuw+lKbxdpiAbkqEFYMCHIwAblB3AmLSAdco8fihN4Y0y+diQDC0AAz4cAdiaLP/HpAWsXCb0Q2kKb5Fpx4ZkaAEY8OEIwHZk4T8mLWBDMrmnpR3ML3OODcnQAjDgwxGAjciqf0xawEZlot/JYZhf5hwbkqEFYMCHIwCrl/X+mLSAHcikH8gBmF/mXEnKqmTwSlIABnw4ArBuWeyPSQvYk8x+85/3yrQrSVmVDF5JCsCAD0cA1irL/DFpAcBb5MO3JGVVMnglKQADPhwBWKWs8cekBTyU6QLTMlf4gXRZScqqZPBKUgAGfDgCsDJZ3Y9JC/iBTBqYlrnCD6TLSlJWJYNXkgIw4MMRgDXJ0n5MWsDPZN7AtMwVfiBdVpKyKhm8khSAAR+OAKxDFvVj0gJ+I7MHpmWuMC09dSeHWZUMXkkKwIAPRwBWICv6MWkBv5QJBNMyV3Yv3fEbeSarksErSQEY8OEIwApkRX8tx+ApmUYlKfuW2VCS7kPu+UVyUlYlg1eSAjDgwxGAFciKfiAH4FmZSSUp+5bZUJJuSG5sfnm9n/r79ee/w3d+eKRr+LOW8X34VfN9y+CVpAAM+HAEYB2yqLes50Uyn0pS9i2zoSRdm1z9R+VSfu778KA4djz45+vv6XFXRjv/0HjekSLaL2TwSlIABnw4AmxBFrwsT0aI5ckIlaTsW2ZDSbpIucRPy9X8uuv6b5S1TBTOhl9bGz7+4VmPBkU4BtI9JSkAAz4cAbYgC16WJyPE8mSESlL2LbOhJP2cXMen5WoeStOSdNJ1Wazppvn562Xt0/gm2i9k8EpSAAZ8OAJsQRa8LE9GiOXJCJWk7FtmQ0k6s7zYp+VqnpWzlKSTfllEu/4bnWf3Z+n+dmfLr153V9JBJSkAAz4cAbYgC16WJyPE8mSESlL2LbOhJH2FnPHTcjUzyAuUpJN+XUTrn3HznbKuYtb6mplvov1CBq8kBWDAhyPAFmTBy/JkhFiejFBJ+jGDCsHoV25ObisPVUTo/rx9zuhpps49WtKYanyTjxQ3ViuzoST9sTzt03I175XXLkknjc64hm6aD2ba/Sm6Bj+ksDYmnVOSAjDgwxFgC7LgLUn5hIxBScryZIRK0o8ZVKKmalcjRwbPuqsoXDWu8sPEuc9xd5ZJVXe4PsnEKdcpd1qSXsuxT8vVLEYuqySddF8B+4max0f9VK0pOaGfm1++ivZjGbySFIABH44AW5AFb0nKJ2QMSlKWJyNUkr5TVxC4kq3+XZ5aw6BiVq6i0/Nufjw9ty8mXD0YGg2PfpIfH48Zfd4K5PLLffJmp6tahVxxSTqpmzjP1LZSfOue3phkl2l69ehorbNzfv3QXSQFYMCHI8AWZMFbkvIJGYOSlOXJCJWkHzMoh122/FeO8anBbUmgXEoS/ckOfbPuWV/HH8d15zmfN+WJ/gy9ywuV6xfsv+QzUgm5f95q5M7eK6+9crmZknRKN5OenCTdPD26n3cDpzaXF8hzaqb/XefsnF/fSRdJARjw4QiwBVnwlqR8QsagJGV5MkIl6cf0da9TWWC0BnUMz6WuP1/fVUcYbdudqy9wnQ519YqqONy1r+pCr2vVtR51ft7p9Mcf+kvpw+FLjLzIeuReZ5AX2K7cZ0k6oZswT8yRzNZ6A4yeoW9zPDIx1S/TlHtd7w4kBWDAhyPAFmTBW5LyCRmDkpTlyQiVpB/T7fCzvx+rQXVFh7iqAgzbpsJQlbUcGpz4aOzcR9eNGnItl/bds4dnnXiRNejv7Hk5yy6lC0rSUd0M+uUMyaS7m/2dy6mGJz7NwrwpLs8bPRFx6puzpAAM+HAE2IIseEtSPiFjUJKyPBmhkvSdan9/ln19bfPPzvv94zPGighxU5Y4FRHyQxkNb0/70N+vw5+rL7qdzvl9/lbaxIusQ7qy3CdHp5bcSO+UpGN+NT+OjTuPJuhdoayTcK0T8UP6frxICsCAD0eALciCtyTlEzIGJSnLkxEqST+m2/OnCDBVY/j7dRiUqTrHJ0wXJM5HqsZwrz9+dfiY5Ny38irfh6qfHZ/XZfljeAfHMzyqeSxZbrYk5QfSZSUpq5LBK0kBGPDhCLAFWfCWpI91O95si3vdzrnb+HZ/DvPOeTc+NBoe3Z64N9X4Jr9sw1crY1CSsjwZoZL0YwZzf/zdckwvLu+SwfNu3j6jp7kPu2ddfYln7HmVHRsf/xy0uGp8/KE70c11rMqpe8+S8gPpspKUVcnglaQADPhwBNiCLHhL0ofuNso3e/Grg2Mb5fsznJzj0958Qm2xr08yccpVyQ2WpCxPRqgk/ZjBG3D0fXAMx/9uWneg/8+gHR2+B//u4NRpWu+xsSaVfR+u3/vHR7dO/9H3eoevTW6iJOUH0mUlKauSwStJARjw4QiwBVnwlqQPjHxV5Co6bY1vfjxtm8/758tGemA0PPpJfnw8ZvR5y5WrLklZnoxQSfpG9xM+77j7A8M3QV+dHgan5kkG76jBw4vRcFjyHv8HP6+ziZOUkY+X1UgvlKT8QLqsJGVVMnglKQADPhwBtiAL3pJ02nEPfNrjXjbDx0cDlx1wvx8+9M26Z32d99q3uvOcz9s962qXfXmhcv2C/X9maWTjff+8pcsNlaQsT0aoJP2YQeVpYtan0HU5dPseOuZdVG+j0dPchaezDrPr054Nmoye+ezu3b8mudmSlB9Il5WkrEoGryQFYMCHI8AWZMFbkk457oDPpa7TX706Gv/+SfbD53+Hr9teT27Rs8c/6Vp1rUedn3febveX0ofDlxh5kcXLLZakLE9GqCT9mO69kIk/Nuuv3hd5qw0bnd9slzCnOR8ZNfL2mnj5QTbS4upVRk66FrmDkpQfSJeVpKxKBq8kBWDAhyPAFmTBW5JOGOx2L8Wqo+HGOJv0qqzl0GCbfzRsP3DdqCHXcmnfPXt41okXWbD+hi6SsjwZoZKUfctsKEn5gXRZScqqZPBKUgAGfDgCbEEWvCXpQ3+//tyW0AZuClejpazR8Pa0D/39Ovy5+qLb6Zzf52+lKaIxn4xQScq+ZTaUpPxAuqwkZVUyeCUpAAM+HAG2IAvekvSBv1+HQZmqc/h+ULA6H+m+KDauP351+Jjk3LfyKt+Hqp8dn9dl+eN0nlMt7niGnxflFiH3WJKyPBmhkpR9y2woSfmBdBkbkqEFYMCHI8AWZMFbkk66qm1dalSX0tXwYWe0vHYfds+6+juiY8+r7FQxG7S4anz8oTvRzXWswalXz5KyPBmhkpR9y2woSfmBdBkbkqEFYMCHI8AWZMFbkk7pClT3xa2jU+WqP3z88+/fc4ur+lYZDa+NNans+9BVxy4tjo9unf7VA0U0ZpERKknZt8yGkpQfSJexIRlaAAZ8OAJsQRa8JWlT/82xYZXrVMi6VLXq2ODhxWhYX0frjP+Dn9fZxEmKb6Ixm4xQScq+ZTaUpPxAuowNydACMODDEWALsuAtSael0HUpX31ffQ2sz7uo6lejpa678HTWYXZ92rNBk9Ezn3VnfHB4kXKPJSnLkxEqSdm3zIaSlB9Il7EhGVoABnw4AmxBFrwl6YRhdey+nDaofF3ClLomamIxUu0aK5FdZyMtrl5l5KQLlwsvSVmejFBJyr5lNpSkAAA9iwOALciGryTlEzIGJSnLkxEqSdm3zIYJaQQA7JXVAMAWZIdXkvIJGYOSlOXJCJWk7Ftmw2/kmQDADvjFD7AF2cyVpHxCxqAkZXkyQiUp+5bZ8M9yOgBgW/yOB9iC7NtKUj4hY1CSsjwZoZKUfctsmEdeAwBYLb/OAbYgW7SSlE/IGJSkLE9GqCRl3zIb3iuvDQAsnl/bAFuQrVhJyidkDEpSlicjVJKyb5kNJWlJ+hZ5SQBgSfyGBtiC7LpKUj4hY1CSsjwZoZKUfctsKEkfStO3yEsCAB/ilzHAFmSDVZLyCRmDkpTlyQjBtMyV38vz3yIvCQDMz+9dgC3IXorlyQixPBkhmJa58iI56VvkJQGAl/IrFmALsm1ieTJCLE9GCKZlrswpr/QWeUkA4Fl+mwJsQXZILE9GiOXJCMG0zJVPyBW8RV4SAGjxWxNgC7ITYnkyQixPRgimZa4sRi7rLfKSAMCAX5AAW5BND8uTEWLHMhVMhgnpnWs5xg+ky94iLwkAe+V3IcCWZd9zJ4eBmeUtV5JyLb1zLcd4SjrxLfKSALADfu0BbFM2NxPSCJhN3mzXcow76aBrOcaLpFvfIi8JANviNxzABmUTMyGNgHnknTYmLRiTPrqWY8wmHf0WeUkAWC2/zAA2JTuVCWkEzCZvtjFpwbT01LUc473S+2+RlwSAxfNLC2AjsheZlnbAPPJOm5BGtKS/ruUYn5bxeIu8JAAsid9PAKuXDce0tANmkzfbmLTgx9Jx13KM5ckIvUVeEgA+xK8igBXLrmJa2gGzyZttTFrwe+nBaznGGmTM3iIvCQDz81sHYK2ye5iQRsCc8n4bkxY8K/14LcdYp4ziW+QlAeCl/IIBWJ9sESakETCnvN/GpAX/LB16LcfYiozrW+QlAeBZfpcArEn2ARPSCJhT3m8T0ogXSbdeyzG2KyP9LnlVAGjxOwNgHbLSn5Z2wJzyfhuTFrxa+ncgB9ifzIC3yEsCwIBfDwBLl+X8tLQD5pT324Q0Yh7p5YEcAJU1AN7IbwKA5cqafVraATPLW25MWjCzdPdADsCYzJKZ5cUA2A0f/QALlRX6hDQCZpa33Ji04F3S7wM5AD+TefNSOTUA++BzH2BxsjCfkEbA/PKuG5MWvFG6/lqOwbMyk56VswCwDz73ARYkS/IJaQTML++6MWnBJ2QMruUYvE7m1g/kCQDsg899gEXIYnxa2gHzy7tuTFrwORmJazkGM8uEK0kB2A0f/QAflpX4tLQD5pd33Zi0YAEyJNdyDABgNhYcAB+Tnd+0tAPml3fdhDRiMTIw13IMAGAeVhsAn5E934Q0At4ib7wxacHyZISu5RgAwAwsNQDeLVu9CWkEvEXeeBPSiKXKOF3LMQCAV7POAHif7PCmpR3wFnnjjUkLFi8Ddi3HAABeyiID4B2ysZuWdsBb5I03Ji1Yj4zctRyDlswYmJCJAtDzoQAwryzBpqUd8C55741JC9Ym43ctx+ChTBeYkIkC0POhADCjrL8mpBHwLnnvjUkLVisDeS3HYFrmCkzIRAHo+VAAmEVWXhPSCHijvP3GpAUrl+G8lmMwIRMFJmSiAPR8KAC8WNZcE9IIeKO8/cakBVuRcb2WYzAmswQmZKIA9HwoALxMVlvT0g54l7z3JqQR25LRvZZjcCdTpCRlxzIVSlKAng8FgBfIOmta2gFvlLffmLRgozLM13IMrmV+lKTsWKZCSQrQ86EA8E+ywpqWdsAb5e03Ji3Yuoz3tRyDgUyOkpQdy1QoSQF6PhQAnpfl1YQ0At4r78AxacE+ZNSv5RiUzIySlB3LVChJAXo+FACekYXVhDQC3ivvwDFpwc5k+K/lGPQyLUpSdixToSQF6PlQAPidLKkmpBHwdnkTjkkLdimT4FqOgYoJdzIVSlKAng8FgF/IempCGgHvlXfgmLRg3zIbruUYu5cJUZKyY5kKJSlAz4cCwC9kPXUnh4H3yjtwQhrBxFTJMfYts6EkZccyFUpSgJ4PBYBfyHpqIAeAt8ubcExawEAmx7UcY8cyFUpSdixToSQF6PlQAPidLKksquBz8iackEZwJ1PkWo6xV5kHJSk7lqlQkgL0fCgAAGuSbc2YtIBpmSsDOcBeZR6UpOxYpkJJCtDzoQDMIusO1imjCHcyRViDjBl30kEDOcAuZRKUpOxYpkJJCtDzoQDMIusO1imjCHcyRViDjBlj0kcDOcD+ZAaUpOxYpkJJCtDzoQDMIusO1imjCHcyRViDjBkT0k0DOcDOZPhLUnYsU6EkBej5UABmkXUH65RRhDuZIqxBxowJ6aZrOcaeZOxLUnYsU6EkBej5UABmkXUH65RRhDuZIqxBxoxp6alrOcZuZOBL0qf9/fpzPMufr7/5eUTXZNCg+/Hw3f1x+6zvwylJi/7BKfk+jL/EMT+1rAu5MfokbqSzSlKAng8FYBZZd5SkLFXGqSSFO5kiJemc8koDOcCddFBJykPprGs5xj5k1EvSp3QlrAmpbHVuCmCXutd9ZeyYdIcuZbZLy8EJzy4NTj/cnO0+YVTGrCQF6PlQAGaRdUdJylJlnEpSuJMpUpLOLC9mZrakm0pSWtJf13KMHciQl6S/1JWvriplpT9wVbq6KYANK2cjVa7vw7Fxd5LDd30vrX/Otf6E52f3r3n4UkR7Vnq1JAXo+VAAZpF1R0nKUmWcSlK4kylSkrIMGZWSlB9Il13LMbYu412S/sKpZtXXxW4qYsfT3VatqpDVHT0+ODUaMXnseGBQhuvanB7XiU+ve6q8nYKz+4RR6eqSFKDnQwGYRdYdJSlLlXEqSeFOpkhJyjJkVEpSfia9di3H2LQMdkn6tPO3xMbqVecy1qna1te7RgpiQ13Lw2HwH1HrX6B+Op/wdKqT++TsfBYeSGeVpAA9HwrALLLuKElZqoxTSQp3MkVKUpYho1KS8mPpuGs5xnZlpEvS3zsXre4LYWfnClvfKD9NFdFOh7vkph52ONRX0W6f0pfcbutrZ/cJo9LPJSlAz4cCMIusO0pSlirjVJLCnUyRkpRlyKiUpPxG+u5ajrFRGeaS9OeqMHZdnzqlozWr46G+8NX9N86+x74u1rmUxrozXRXKBrWzQc2sU2fuKaI9LWNQkgL0fCgAs8i6oyRlqTJOJSncyRQpSVmGjEpJuh65btYm47dauY2S9Hmn8tm9U/3qpux1LofdPO6MnujU4NS0+9/Bybqi3Feec2x2XzK7Txh16sOzpAA9HwrALLLuKElZqoxTSQp3MkVKUpYho1KSrkeum7XJ+K1WbqMkfUIVvW4LVV2tK2H/sHTRVTA0LJZ1j25/yIudf86ZLj+Pn1oR7SfSWSUpQM+HAjCLrDtKUpYq41SSwp1MkZKUZciolKTrketmbTJ+q5XbKEl/5VTRSoFqWOs6FbIeVK5uGw+KYEfDSll3dHii/th182vHJ9y88H3CqL7XL5IC9HwoALPIuqMkZakyTiUp3MkUKUlZhoxKSboeuW7WJuO3WrmNkvSf1HfSJqpcXT0sR4eFs+HjK3ffOksF7XD835uqWL3yMVZEe9qpD8+SAvR8KACzyLqjJGWpMk4lKdzJFClJWYaMSkm6Hrlu1ibjt1q5jZL0SYP6WJIrp8ODSta5/Z3TCQb1s77p8cHpKafD/ePT6U4tBy97PKaI9pyuJweSAvR8KACzyLqjJGWpMk4lKdzJFClJWYaMSkm6HrnukvTTcjVm+0B6pCRdrdxGSfoLp6rWyW+LVN1zB4WvK31Z7OaEp6+gXT2hi25OkdLbBIW0lnRUSQrQ86EAzCLrjpL0hbpl53AZWGvI7s/b5eExu18xjoZ3jq2mFrebknEqSeFOpkhJOq57N/7ALt5i75EeLUnXI9ddkrI8GaGSdLVyGyUpO5apUJIC9HwoALPIuqMkfZ27Etjg/8u9ra9dN+729am2KaKdZZxKUriTKVKSjrt7592/5R59CYNfy6iUpOuR6y5JWZ6MUEm6WrmNkpQdy1QoSQF6PhSAWWTdUZK+ysjG+yrqtuuD77ecfjzt38/b+qv9/Ul3jp+4rwSsXu6sJIU7mSIl6bjBm+z0JrzWHVNEe6n0bEm6HrnukpTlyQiVpKuV2yhJ2bFMhZIUoOdDAZhF1h0l6Ysc9+Onbfdlj369Rb9syvst+qFv1j3ra7JMNlEYO7/UxqUXSlK4kylSko6rN+jp7Tl4j/X16v6dpYj2Uv2YXCRdj1x3ScryZIRK0tXKbZSk7FimQkkK0POhAMwi646S9CXOda3j9vvP1/epLHb4rv36lW6H/ufrqw51e/nasI+2P232H7t/1gbk3kpSuJMpUpKO699k3Vu0f9fl7dcX0M7vIkW0l8qolKTrkesuSVmejFBJulq5jZKUHctUKEkBej4UgFlk3VGSvsKgznW19x4Wxfpt+qWylkPX2/Vh+2nHVrvY4ff9eZEU7mSKlKTjbt5kxx/j8qZSRHup9G9Juh657pKU5ckIlaSrldsoSdmxTIWSFKDnQwGYRdYdJenrHLfetyW0gZvq2Gi97D68PsdDm9v1575KUriTKVKSjuveZIfD+a9QX9425/da/zesFdFeJt1akq5HrrskZXkyQiXpauU2SlJ2LFOhJAXo+VAAZpF1R0n6Kn+/DlX/ym78uA2/r4qV85F8Q23E2DP7p33t46to6YaSFO5kipSk467ek3mr3rzVfBPtpfouvki6HrnukpTlyQiVpKuV2yhJ2bFMhZIUoOdDAZhF1h0l6WtkM35y2X8PduM3G/OrrXwZDS8uh68eHT161mr1fXmRFO5kipSk48beZDfvIkW0l+rH5CLpeuS6S1KWJyNUkq5WbqMkZccyFUpSgJ4PBWAWWXeUpC/Rb8LHKlndgf4/g3Z0+P7799xibCs/Hp6cvrB2OXr6uQp2gxNvR39/F0nhTqZISTqu3mT1Dhp54yqivVS6uSRdj1x3ScryZIRK0tXKbZSk7FimQkkK0POhAMwi646S9LX6nflwU36qnyUZFMl+UUSrc94dPZUBNrvb7zpuICncyRQpScdNvI1OTkcU0V4qfVuSrkeuuyRleTJCJelq5TZKUnYsU6EkBej5UABmkXVHSfoi2YlftufHvfpAn3dR7c1H62X3YfeUik5Ha8t/3uR3Ta6CrTjd1llSuJMpUpKOq/dLgyLay6RHS9L1yHWXpCxPRqgkXa3cBkzIRAHo+VAAZpF1R0n6Ct2+/LzpviunDfbtl/BUEWvs6IfnGDvvtvVdcJEU7mSKlKTj8s57xDfRXiqjUpKuR667JGV5MkIl6WrlNmBCJgpAz4cCMIusO0pSlirjVJLCnUyRkpRlyKiUpOuR6y5JWZ6MUEm6WrkNmJCJAtDzoQDMIuuOkpSlyjiVpHAnU6QkZRkyKiXpeuS6S1KWJyNUkq5WbgMmZKIA9HwoALPIuqMkZakyTiUp3MkUKUlZhoxKSboeue6SlOXJCJWkq5XbgAmZKAA9HwrALLLuKElZqoxTSQp3MkVKUpYho1KSrkeuuyRleTJCJSkA7IBfe8AssrIuSVmqjFNJCncyRUpSliGjUpKuR667JP2Rxj9R8YN/5IJfyAiVpACwA37tAbPIyrokZakyTiUp3MkUKUlZhoxKSboeue6S9EeqiJZ/WjnOZTVFtNdK/5akALADfu0Bs8jKmnXKKMKdTJGSlGXIqJSk65HrLklbvg9p37mUyvqy2mF4bHiUf5L+LEkBYAf82gNmkZU165RRhDuZIiUpy5BRKUnXI9ddkv5IV0nrv3f2fUil7OrLZ76J9loZoZIUAHbArz1gFllZs04ZRbiTKVKSsgwZlZJ0PXLdJelP9H+L8/SXN48Pu3pZ98fhUP+hNEW018oIlaQAsAN+7QGzyMqadcoowp1MEdYgY7Yeue6S9AfO/yW0vlLWfSvtz5++flbFM0W01zr19llSANgBv/aAWWRlzTplFOFOpghrkDFbj1x3SdrWfevsXDTrvnrWldFO30HL99IU0V7rNEBnSQFgB/zaAxYnq/KSlGnpqYEcgFfLDGMNMmbrkesuSZv+fv05fOVf5zzpi2inqtmpiqaI9lqnATpLCgA74NcesCxZkg/kANPSU3dyGF4nc4s1yJitR667JG3pv33W/YXOKqL1j7t/l/OqqqaI9kIZoZIUAHbArz1gQbIeH8gBHkpnTUgjeIXMKtYgY7Yeue6StOX766v/dwRSM+se9QWzYeFMEe21MkIlKQDsgF97wFJkMT6QA/xAumxCGgEsWD6wStIfqSLad/ePCqRcdszqoSLaa2WESlIA2AG/9oClyGJ8IAf4sXTchDQCWKR8VJWkP3Iqog3KZtcU0V4rI1SSAsAO+LUHLEJW4gM5wO+lByekEcDC5EOqJP2R+ibare6bab2xgzwrnVqSAsAO+LUHfF6W4QM5wLPSj9PSDmAx8vFUkrI8GaGSFAB2wK894POyDB/IAf5NenNa2gEsQD6YSlKWJyNUkgLADvi1B3xY1uADOcCLpFsnpBHAp+VTqSRleTJCJSkA7IBfe8AnZQE+kAO8Wvp3QhoBfE4+j0pSlicjVJICwA74tQd8UhbgAznAPNLLE9II4BPySVSSsjwZoZIUAHbArz3gY7L6HsgB5pS+npZ2AO+Vz6CSlOXJCJWkALADfu0Bn5Gl90AO8Bbp9GlpB/Au+fQpSVmejFBJCgA74Nce8AFZdw/kAO+V3p+WdgDzy+cOa5PxA4Ad8GsP+ICsuwdygE/IGExII4CZ5UOHtcn4AcAO+LUHvFsW3QM5wEdlMCakEcBs8nHD2mT8AGAH/NoD3ior7oEcYBkyKhPSCGAG+aBhbTJ+ALADfu0Bb5UV90AOsBgZmGlpB/BS+YhhbTJ+ALADfu0B75Pl9kAOsDwZoWlpBwAAsA92QcCbpPQykAMsWIZqWtoBAABsnf0P8CYpugzkAIuXAZuQRgAAAJtm8wO8Q8otAznAemTkJqQRAADARtn2ALNLlWUgB1ibjN+0tAMAANgcGx5gXimuDOQAq5WBnJZ2AAAAG2KrA8wrZZWBHGDlMpzT0g4AAGATbHKAGaWaMpADbEXGdUIaAQAArJ8dDjCX1FEGcoDNyQBPSCMAAIA1s7cB5pIKykAOsFEZ5glpBAAAsE52NcAsUjgZyAE2LYM9Le0AAADWxn4GeL3USwZygH3IqE9LOwAAgPWwkwFeL5WSgRxgTzL209IOAABgDexhgBdLgWQgB9ilTIIJaQQAALB4NjDAK6U0MpAD7Ftmw4Q0AgAAWDBbF+BlUhEZyAHoZVpMSCMAAIBFsmkBXia1kIEcgJKZMS3tAAAAFsZ2BXiNlEAGcgDuZIpMSzsAAIDFsFEBXiCVj4EcgGmZK9PSDgAAYAFsUYAXSM1jIAegJTNmQhoBAAB8mv0J8K9S7RjIAfixTJ0JaQQAAPA5dibAP0mRYyAH4JcygaalHQAAwCfYkwD/JOWNgRyAp2QaTUs7AACA97IbAZ6XqsZADsC/yXyalnYAAADvYh8CPCnFjIEcgBfJxJqQRgAAAG9hEwI8I2WMgRyAV8sMm5BGAAAAM7P9AJ6RAsZADsA8Ms8mpBEAAMBsbDyAX0vdYiAHYE6ZbRPSCAAAYB52HcDvpGIxkAPwFpl2d3IYAABgHnYdwO+kYjGQA/BGmXwDOQAAADAPuw7gF1KuGMgB+ITMQvMQAACYn40H8FMpVwzkAAAAAGydPTDwU6mcDeQAAAAAbJ09MKxPKljMI70MAAAAA7aLsD4p9jCP9DIAAAAM2C7C+qTYwzzSyxuSG2MHMuQAAMAMLLhhfbJdZh7p5Q3JjbEDGXIAAGAGFtywPtkuM4/08obkxtiBDDkAADADC25Yn2yXS1KelX4sSTckN8YOZMgBAIAZWHDD+mS7XJLyrPRjSbohuTF2IEMOAADMwIIb1ifb5ZKUZ6UfS9INyY2VpGxCBrUkBQAAZmDBDeuT7XJJyrPSjyXphuTGSlI2IYNakgIAADOw4Ib1yXa5JOVZ6ceSdENyYyUpm5BBLUkBAIAZWHDD+mS7XJLyrPRjSbohubGSlE3IoJakAADADCy4YX2yXS5JeVb6sSTdkNxYScomZFBLUgAAYAYW3LA+2S6XpDwr/ViSbkhurCRlEzKoJSkAADADC25Yn2yXS1KelX4sSTckN1aSzuT7kJf577/D9130339/vr6//uTxUDXu/T02+fP1Nz+dztA16P4c5p1jdhtNhHeOra5edo3SfSUpAAAwAwtuWJ9sl0vSN6hSRul+vrgpR6ynDpLrL0k3JDdWkv6bbhhHjYzGeYyOc+I4pN3MuG51m9wN/aDB7by6btxdVtfw7gyjzhe2Yun2khQAAJiBBTesT7bLJenMuurExalAcalU3NdF7qoYy62D5J5K0g3JjZWk/2wwQN2IDkbrZjrUGOXPvvGdS/ubZ3euouNphu1PP55e/HxJ5wcX4y977/Z5C5erLkkBAIAZWHDD+mS7XJLObFCVqIeDysZt3WNVdZA8qSTdkNxYSfoCwzEdjtvN2B+TY3BsfGpwPzlu58bp8WUCdKe8uDy3f96hb9Y962tyekxMiPNLrVjusCQFAABmYMEN65Ptckk6s66icTj0ZZBTcaMrYJyLEzd1kXNx4tQ0jwYWVQfJC5SkG5IbK0n/xfVoTjsNWj9Gx//JEN5MlqNBch7PY3b+z6cNnz3QPe3P11cd6i6qzjvavmvQcv+shct1l6QAAMAMLLhhfbJdLklndqpKHP/3VNA4HO7/Rmbv8N09XFUdJE8rSTckN1aS/ovRsbl1bnR8cBzUc6Wse3DvNOyD8a150Bu+YJ5fMyqHzqfvDdtPO7a6epU16vvqIikAADADC25Yn2yXS9KZDaoSjQLF8XBZRx2kv9SLpBuSGytJ/8WPxubcqMYoQYZ5MNrXA9//fDWoxycO3Lzy6LXch9fneOjqtZcu11ySAgAAM7DghvXJdrkk/aVTFetHzt8muxiJjoZlixXVQfKUknRDcmMl6T/rSl9TrkbuOG6n8Tg9qJLZVelsMNp/vw717Iz4sdXg+I3zkenrGXtm/7Sv9X8VLbdYkgIAADOw4Ib1yXa5JJ3ZoIiRh1c1kJsix6rqIHmFknRDcmMl6Uvcj2k/hNcjcmzUB5kxl4mTZx//6J7y9293ov6HcjnPYLYNHnbuL+FoNLy4HL56dPToWYvU99NFUgAAYAYW3LA+2S6XpDPrig1X/7DAqZiRmsN1XeNUjojl10H6y7xIuiG5sZL0RbqhHA7r+Eh2/3ZEp2s4HPx+xIbPuAtKd6D/67/9WU4Ft94xGn3JqWnQX+Tg6OnnuofBidehv/aLpAAAwAwsuGF9sl0uSeeVwsd3952iS4GiS48Pu8pGVUWOuh9HSxindv3h45+LqYP0T71IuiG5sZL0hU5DejSYBQPHw8MDmUvdn5k8Y+Pcj+nwwOlFkgwmx+DhxWh4Pufd0dMEGr/6hes6ZSApAAAwAwtuWJ9sl0vSeQ3LDsPHD6sPK6mDdNc0kHRDcmMl6WuchvTo8NUPQPfodgyObYbZaaQGDftznEczhy+je36JXp930eDZ1zOhcx92T6nodLSu43xtXZOrYA1Ol3yWFAAAmIEFN6xPtssl6ayuahLnH/qiw/nfGBgULdZVBzk94yzphuTGStJ/UL18NNLRg6On48dg2Ow4aKOj3TXu/ji3vZtGg3NfwmPU/XA+MurqBUfOu1797V0kBQAAZmDBDeuT7XJJOqfvVEGqUNH919GOf1wVUFKZWGEdpD/7RdINyY2VpGxCBrUkBQAAZmDBDeuT7XJJyrPSjyXphuTGSlI2IYNakgIAADOw4Ib1yXa5JOVZ6ceSdENyYyUpm5BBLUkBAIAZWHDD+mS7XJLyrPRjSbohubGSlE3IoJakAADADCy4YX2yXS5JeVb6sSTdkNxYScomZFBLUgAAYAYW3LA+2S6XpDwr/ViSbkhurCRlEzKoJSkAADADC25Yn2yXS1KelX4sSTckN1aSsgkZ1JIUAACYgQU3rE+2yyUpz0o/lqQbkhsrSdmEDGpJCgAAzMCCG9Yn2+WSlGelH0vSDcmNlaRsQga1JAUAAGZgwQ3rk+1yScqz0o8l6YbkxkpSNiGDWpICAAAzsOCG9cl2uSTlWenHknRDcmMlKZuQQS1JAQCAGVhww/pku1yS8qz0Y0m6IbmxkpRNyKCWpAAAwAwsuGF9sl0uSXlW+rEk3ZDcWEnKJmRQS1IAAGAGFtywPtkul6Q8K/1Ykm5IbqwkZRMyqCUpAAAwAwtuWI3sku/kMM9KP5akG5IbK0nZhAxqSQoAAMzAghuWJVvh38gzeVb6sSTdkNxYScomZFAHcgAAAHg1q234jOx3WZ6M0IbkxkpSNiGDOiYtAACAF7HIhhllL8uqZPA2JDdWkrIJGdRpaQcAAPwzy2t4gexW2YQM6obkxkpSNiGD2pLWAADAP7Cwhl/IfvRDchFqdjNLL29Ibozdy4QAAACeYkkNt7Ld/JBcxENpyjzSyxuSG4OSmQEAAPyGlTT7ld3kh+QiFiwXar+9fhlIdiBD/rNBT1MAAOBnrKHZuGwWPyQXsUK5gZKUdcoosgMZ8pL0oTQFAABarJ7ZiGwHPyQXsSG5sZKUdcoosgMZ8ms59lCaAgAA06ybWZls+D4kF7F1uduBHIBNy3QvSbcid9WS1gAAwB3LZZYom7kPyUXsVXphIAdg6zLjS9LNye09lKYAAMCAhTKflO3ah+QiuJbeGcgB2LrM+JJ0o3KTD6UpAADQs0TmHbIh+5BcBD+QLhvIAdiBTPqSdNNyqw+lKQAA7J7FMS+T/daH5CL4N+nNkhT2IfO+JN2B3HBLWgMAwF5ZE/Nr2U59SC6CGaSLB3IA9iHzviTdk9z5Q2kKAAD7YzXMuOyWPiQXwRul6wdyAHYjU78k3Z/c/0NpCgAAe2IdvHfZD31ILoIFyJAM5ADsRqZ+SbpX6YWH0hQAAPbBCnhfsu95u7w8S5VxGsgB2JPM/pJ039IXLWkNAACbZuH7pOwbmF96nDmlrwdyAPYks78kpZdOeShNAQBgoyx5n5QdA/NLjzObdPRADsDO5A1QkjKQrnkoTQEAYHMsdp+UvQLzS48zj/TyQA7A/uQ9UJJyJx30UJoCAMCGWOY+KbsE5pceZx7p5YEcgP3Je6AkZUK6qSWtAQBg/axun5TNAfNLjzODdPFADsAu5W1QktKS/nooTQEAYM2sa5+UbUFJyiukT0tSZpAuHsgB2KW8DUpSfia99lCaAgDAOlnRPikbgpKUV0iflqS8Wvp3IAdgr/JOKEn5jfTdQ2kKAABrYy37pGwFSlJeIX1akvJq6d+SFHYsb4aSlN9LD7akNQAArIQl7JOyAyhJeYX0aUnKS6VzB3IAdixvhpKUf5CufChNAQBg8Sxen5S1f0nKK6RPS1JeJz07kAOwb3k/lKT8s3ToQ2kKAAALZtn6pKz6S1JeIX1akvI66dmBHIB9y/uhJOVF0q0taQ0AAMtjtfqkLPZLUl4hfVqS8iLp1oEcgN3LW6Ik5aXSuS1pDQAAS2Kd+qQs80tSXiF9WpLyIunWkhTw7niv9PJDaQoAAMtghfqkLPBL0vf5Pvz35+tv9+jv15962LkcmHRscvjO4yVKn5akvEL6dCAHAB8+n5C+fihNAQDg06xNn5SlfUn6NlelsuEPP6ihKaLtVTp0IAeAXt4YJSnzS4+3pDUAAHyIJemTsqIvSd/l+5DX/a8vmXU/Hr6+/iQ66451X1T7iWbp7X1yRSUp/ywdOpADQMl7oyTlLdLpLWkNAABvZzH6pKzlS9I3mfwq2d+vPz8ohvkm2h6lNwdyABjI26Mk5b3S+w+lKQAAvJFl6JOyii9J32PwPbTratjxwJ+vv913z4bxsPmUBX0PzSZ2HunNkhS4lndISconZAweSlMAAHgLC9AnZf1ekr7F9+Hw3f8tzb5SlhJZ9zjfMLstot1Ju8Xqb+giKf8gXTmQA8C1vENKUj4nI9GS1gAAMCfrzidl2V6Svs+wUpbH9984Gw0nLaawluspSXlW+nEgB4A7eZOUpHxaxqMlrQEAYB5WnE/Kgr0kfYuvq38p4DD4VtrJw2+ifXd/4/Nr2V9Fy52VpDwr/TiQA8CdvElKUhYjA/NQmgIAwKtZaz4pS/WS9H3uv4k29p2zm1JZX0Hr/+NnV4+O/DfRtiqdOJADwJi8T0pSFibD81CaAgDA61hlPimL9JL0fe6LaKfHR+PfROvSYbHs9HPV2f7+VUTbpnRiSQpMyFulJGWRMkgtaQ0AAP/M4vJJWZuXpO9zqpQd//fQ/uucfb3sz9ffy9fPoj8wUnD7sFOXniXl99KDAzkATMhbpSRlwTJULWkNAAD/wLLySVmVl6Tvc6p/dUWxPJr4G5nd39asI6ciWrU/185Of6FzQcW00+WcJeWX0n0DOQBMy7ulJGUNMmYPpSkAADzFgvJJWY+XpG/TV8K6qlf3oK9+VW3sylVdLC3Gi21L0l/6RVJ+Kd03kAPAtLxbSlLWIyP3UJoCAMAvWUo+KSvxkpRXSJ+WpPuT+9+xdAS8USZfScraZPxa0hoAAH7GCvJJWYCXpLxC+rQk3Z/c/46lI+CNMvlKUlYrA/lQmgIAQIu145Oy9C5JeYX0aUm6P7n/HUtHwBtl8pWkrFyG86E0BQCAaVaNT8qiuyTlFdKnJen+5P53LB0Bb5TJV5KyCRnUh9IUAADGWC8+KcvtkpRXSJ+WpPuT+9+xdAS8USZfScqGZGhb0hoAAAYsE5+UVXZJyiukT0vS/cn99xJtXe62JIU3yuQrSdmijPFDaQoAAD0LxCdlfV2S8grp05J0f3L/vURbl7stSeGNMvlKUrYrI/1QmgIAsHuWhk/Kyrok5RXSpyXp/uT+e4m2LndbksIbZfKVpGxdxnta2gEAsG/WhU/Ksrok5RXSpyXp/uT+e4m2LndbkrJLmQQsT0Zoi3KHY9ICAIB9sy58UpbVJSmvkD4tSfcn999LtHW525KUXcokYHkyQpuWWx3IAQAA9s268ElZVpekvEL6tCTdn9x/L9HW5W5LUnYpk4DlyQitR66bD8kwAABsgsXNk7I2LEl5hfRpSbo/uf9eoq3L3Zak7FImAcuTEVqPXDcfkmEAANgEi5snZW1YkvIK6dOSdH9y/71EW5e7LUnZpUwClicjtB65bj4kwwAAsAkWN0/K2rAk5RXSpyXp/uT+e4m2LndbkrJLmQQlKZ+QMShJ1yPXzYdkGAAANsHi5klZG5akvEL6tCTdn9x/L9HW5W5LUnYpk6Ak5RMyBiXpeuS6+ZAMAwDAJljcPClrw5KUV0iflqT7k/vvJdq63G1Jyi5lEpSkfELGoCRdj1x3Scps0tElKQDAJljcPClrw5KUV0iflqT7k/vvJXrK368///35+puf+h8P390fg7D3fTgladE/OCXfh+EZLo75qeXpSXdGn/RAnlaSskuZBCUpn5AxKEnXI9ddkjKbdHRJCgCwCRY3T8rasCTlFdKnJen+5P57iZ5xUwC71L3uK2PHpDt0KbNdWqZUduXS4PTDzdnuk6bcbUnKLmUSlKR8QsagJF2PXHdJymzS0SUpAMAmWNw8KWvDkpRXSJ+WpPuT++8lesJNAWxYORupcn0fztWz+l5a/5xr/QnPz+6a/3f4UkTjpTIJSlI+IWNQkq5HrrskZTbp6JIUAGATLG6elLUh80uP70/uv5fo16qQ1RW6jg/6eteYyWPHA4MyXNfm9LhO3Edddg7O7pOmvGhJyi5lEpSkfELGoCRdj1x3Scps0tElKQDAJljcPClrQ+aXHt+f3H8v0S+dy1in75/19a6RgthQ1/JwGPxH1PqvodVP5xOeTnVyn5ydz/JDeVpJyi5lEpSkfELGoCRdj1x3Scps0tElKQDAJljcPClrQ+aXHt+f3H8v0S9d/h5mVy3LT1NFtNPhLrmphx0O9VW026f0Jbfb+trZfdKUVyxJ2aVMgpKUT8gYlKTrkesuSZlNOrokBQDYBIubJ2VtyPzS4/uT++8l+t//xr7vNSEVrO+UwLr/xtn31NMvpbGulnZVKBvUzgY1s06duaeIxmtlEpSkfELGoCRdj1x3Scps0tElKQDAJljcPClrQ+aXHt+f3H8v0a/dlL3O5bCbx52uenbn1ODUtPvfwcm6otxXnnNsdl8yu0+aTmc7S8ouZRKUpHxCxqAkXY9cd0nKbNLRJSkAwCZY3MBCZf/RS/RLXdnrrCtoXQVDw2JZ/9SbH1JhO/+cM11+Hj+1IhpPyyQoSfmEjEFJuh657pKU2aSjS1IAgE2wuIGFyv6jl+hfDQtjV0Wy3rBS1h0dlsD6Y9fNrx2f4JtovFAmQUnKJ2QMStL1yHWXpMwmHV2SAgBsgsUNLFT2H71ET+nqYb3T38icLqLF3bfOUkE7HP/3piqWpl2siMZrZRKUpHxCxqAkXY9cd0nKbNLRJSkAwCZY3MBCZf/RS/RLp/LZoJJ1CsacSmaD+lnf9Pjg9JTT4f7x6XSnloNC2/GYIhovlElQkvIJGYOSdD1y3SUps0lHl6QAAJtgcQMLlf1HL9G/6qpgg8LXlb4sdlP1On0F7eoJXXRzipTeJvymkJanlKTsUiZBSconZAxK0vXIdZekzCYdXZICAGyCxQ0sVPYfvURbl7stSdmlTIKS9Beui7vnYu5oJXmqEDwsAR/b/ParlVuR3ihJ1yPXXZIym3R0SQoAsAkWN7BQ2X/0Em1d7rYkZZcyCUrSX7gUva7KX4++jjly8PK3khXRStL1yHWXpMwmHV2SAgBsgsUNLFT2H71EW5e7LUnZpUyCkvQXzkWv44NBYexSFbs3ckwR7ShjUJKuR667JGU26eiSFABgEyxuYKGy/+gl2rrcbUnKLmUSlKS/kKLX7ZfLHtTCuqZD3dMU0Y7SHyXpeuS6S1Jmk44uSQEANsHiBhYq+49eoq3L3Zak7FImQUn6C6ei113p6xhM/HXO45HLgXqeItpRxqAkXY9cd0nKbNLRJSkAwCZY3MBCZf+xY+kIdimToCT9hRS9br6J1n/bbKwYdqmWdc4/KaIdZQxK0vXIdZekzCYdXZICAGyCxQ0sVPYfO5aOYJcyCUrSXzgXva6qX8cfju6rYcd8UGq7PEUR7agfgYuk65HrLkmZTTq6JAUA2ASLG1io7D92LB3BLmUSlKS/cCl6Dcpf/cPvqy+ddU4t+m+p/fff4Wvw5TVFtKN+BC6SrkeuuyRlNunokhQAYBMsbmChsv/YsXQEu5RJUJL+wkgRrauSdY+6P4f/XbTvw6U81lfSrn68Pcv+ZAxK0vXIdZekzCYdXZICAGyCxQ0sVPYfO5aOYJcyCUrSX+iKXofD6d/bPFXMBmWwyYpY1dmKItpR34cXSdcj112SMpt0dEkKALAJFjcALE723yXpL9wUvW6rY8fDV99G642GoYhWkq5HrrskXYZuXl5NucyzR1Nx8dLRJSkAwCZY3ACwONl/l6S/MCx6dRWJu5JEV74YhLdVtluKaCXpeuS6S9JlmCqiHbVm5HKlo0tSAIBNsLgBYHGy/y5Jf+FcjHhQi6g6Wv05oq+/ney1hqaINqO7ItoxWP1ES0eXpAAAm2BxA8DiZP9dkvIJGYOSdD1y3SXppw3Ks52qnJ2KaH1ZN9ZXU8uFl6QAAJtgcQPA4mT/XZLyCRmDknQ9ct0l6SIMvgM5rJut/FuPuYmSFABgEyxuAFic7L9LUj4hY1CSrkeuuyRdgnPhbFA06/8e8tfwa2rjf9F4wXLdJSkAwCZY3ACwONl/l6R8QsagJF2PXHdJugDfhz+HQ//fRDs++voefhVtdYWzodxDSQoAsAkWNwAsTvbfJSmfkDEoSdcj112Sflr3LbTD9+l/E51c/n3O/AfS+odrko4uSQEANsHiBoDFyf67JOUTMgYl6XrkukvST/s+dMWzkSJaou6P//58ff9VRAMAWBCLGwAWJ/vvkpRPyBiUpOuR6y5Jl2GkiHYqn53/Rufgi2lr0XfzRVIAgE2wuAFgcbL/Lkn5hIxBSboeue6SdBluimjfp39Q4M+fP1U5W2ENzZsXANgyixsAFif775KUT8gYlKTrkesuSZehimipnp3raadvox2+u/z2m2qL19/KRVIAgE2wuAFgcbL/Lkn5hIxBSboeuW4+JMMAALAJFjcALE723yUpn5AxKEnXI9fNh2QYAAA2weIGgMXJ/rsk5RMyBiXpeuS6+ZAMAwDAJljcALA42X+XpHxCxqAkXY9cNx+SYQAA2ASLGwAWJ/vvkpRPyBiUpOuR6+ZDMgwAAJtgcQPA4mT/zfJkhAAAYH+shgFYnBRsWJ6MEAAA7I/VMACLk4INy5MRAgCA/bEaBmBxUrBheTJCAACwP1bDACxOCjYsT0YIAAD2x2oYAAAAABoU0QAAAACgQRENAAAAABoU0QAAAACgQRENAAAAABoU0QAAAACgQRENAAAAABoU0QAAAACgQRENAAAAABoU0QAAAACgQRENAAAAABoU0QAAAACgQRENAAAAABoU0QAAAACgQRENAAAAABoU0QAAAACgQRENAAAAABoU0QAAAACgQRENAAAAABoU0QAAAACgQRENAAAAABoU0QAAAACgQRENAAAAABoU0QAAAACgQRENAAAAABoU0QAAAACgQRENAAAAABoU0QAAAACgQRENAAAAABoU0QAAAACgQRENAAAAABoU0QAAAACgQRENAAAAABoU0QAAAACgQRENAAAAABoU0QAAAACgQRENAAAAABoU0QAAAACgQRENAAAAABoU0QAAAACgQRENAAAAABoU0QAAAACgQRENAAAAABoU0QAAAACgQRENAAAAABoU0QAAAACgQRENAAAAABoU0QAAAACgQRENAAAAABoU0QAAAACgQRENAAAAABoU0QAAAACgQRENAAAAABoU0QAAAACgQRENAAAAABoU0QAAAACgQRENAAAAABoU0QAAAACgQRENAAAAABoU0QAAAACgQRENAAAAABoU0QAAAACgQRENAAAAABoU0QAAAACgQRENAAAAABoU0QAAAACgQRENAAAAABoU0QAAAACgQRENAAAAABoU0QAAAACgQRENAAAAABoU0QAAAACgQRENAAAAABoU0QAAAACgQRENAAAAABoU0QAAAACgQRENAAAAABoU0QAAAACgQRENAAAAABoU0QAAAACgQRENAAAAABoU0QAAAACgQRENAAAAABoU0QAAAACgQRENAAAAABoU0QAAAACgQRENAAAAABoU0QAAAACgQRENAAAAABoU0QAAAACgQRENAAAAABoU0QAAAACgQRENAAAAABoU0QAAAACgQRENAAAAABoU0QAAAACgQRENAAAAABoU0QAAAACgQRENAAAAABoU0QAAAACgQRENAAAAABoU0QAAAACgQRENAAAAABoU0QAAAACgQRENAAAAABoU0QAAAACgQRENAAAAABoU0QAAAACgQRENAAAAABoU0QAAAACgQRENAAAAABoU0QAAAACgQRENAAAAABoU0QAAAACgQRENAAAAABoU0QAAAACgQRENAAAAABoU0QAAAACgQRENAAAAABoU0QAAAACgQRENAAAAABoU0QAAAACgQRENAAAAABoU0QAAAACgQRENAAAAABoU0QAAAACgQRENAAAAABoU0QAAAACgQRENAAAAABoU0QAAAACgQRENAAAAABoU0QAAAACgQRENAAAAABoU0QAAAACgQRENAAAAABoU0QAAAACgQRENAAAAABoU0QAAAACgQRENAAAAABoU0QAAAACgQRENAAAAABoU0QAAAACgQRENAAAAABoU0QAAAACgQRENAAAAABoU0QAAAACgQRENAAAAABoU0QAAAACgQRENAAAAABoU0QAAAACgQRENAAAAABoU0QAAAACgQRENAAAAABoU0QAAAACgQRENAAAAABoU0QAAAACgQRENAAAAABoU0QAAAACgQRENAAAAABoU0QAAAACgQRENAAAAABoU0QAAAACgQRENAAAAABoU0QAAAACgQRENAAAAABoU0QAAAACgQRENAAAAABoU0QAAAACgQRENAAAAABoU0QAAAACgQRENAAAAABoU0QAAAACgQRENAAAAABoU0QAAAACgQRENAAAAABoU0QAAAACgQRENAAAAABoU0QAAAACgQRENAAAAABoU0QAAAACgQRENAAAAABoU0QAAAACgQRENAAAAABoU0QAAAACgQRENAAAAABoU0QAAAACgQRENAAAAABoU0QAAAACgQRENAAAAABoU0QAAAACgQRENAAAAABoU0QAAAACgQRENAAAAABoU0QAAAACgQRENAAAAABoU0QAAAACgQRENAAAAABoU0QAAAACgQRENAAAAABoU0QAAAACgQRENAAAAABoU0QAAAACgQRENAAAAABoU0QAAAACgQRENAAAAABoU0QAAAACgQRENAAAAABoU0QAAAACgQRENAAAAABoU0QAAAACgQRENAAAAABoU0QAAAACgQRENAAAAABoU0QAAAACgQRENAAAAABoU0QAAAACgQRENAAAAABoU0QAAAACgQRENAAAAABoU0QAAAACgQRENAAAAABoU0QAAAACgQRENAAAAABoU0QAAAACgQRENAAAAABoU0QAAAACgQRENAAAAABoU0QAAAACgQRENAAAAABoU0QAAAACgQRENAAAAABoU0QAAAACgQRENAAAAABoU0QAAAACgQRENAAAAABoU0QAAAACgQRENAAAAABoU0QAAAACgQRENAAAAABoU0QAAAACgQRENAAAAABoU0QAAAACgQRENAAAAABoU0QAAAACgQRENAAAAABoU0QAAAACgQRENAAAAABoU0QAAAACgQRENAAAAABoU0QAAAACgQRENAAAAABoU0QAAAACgQRENAAAAABoU0QAAAACgQRENAAAAABoU0QAAAACgQRENAAAAABoU0QAAAACgQRENAAAAABoU0QAAAACgQRENAAAAABoU0QAAAACgQRENAAAAABoU0QAAAACgQRENAAAAABoU0QAAAACgQRENAAAAABoU0QAAAACgQRENAAAAABoU0QAAAACgQRENAAAAABoU0QAAAACgQRENAAAAABoU0QAAAACgQRENAAAAABoU0QAAAACgQRENAAAAABoU0QAAAACgQRENAAAAABoU0QAAAACgQRENAAAAABoU0QAAAACgQRENAAAAABoU0QAAAACgQRENAAAAABoU0QAAAACgQRENAAAAABoU0QAAAACgQRENAAAAABoU0QAAAACgQRENAAAAABoU0QAAAACgQRENAAAAABoU0QAAAACgQRENAAAAABoU0QAAAACgQRENAAAAABoU0QAAAACgQRENAAAAABoU0QAAAACgQRENAAAAABoU0QAAAACgQRENAAAAABoU0QAAAACgQRENAAAAABoU0QAAAACgQRENAAAAABoU0QAAAACgQRENAAAAABoU0QAAAACgQRENAAAAABoU0QAAAACgQRENAAAAABoU0QAAAACgQRENAAAAABoU0QAAAACgQRENAAAAABoU0QAAAACgQRENAAAAABoU0QAAAACgQRENAAAAABoU0QAAAACgQRENAAAAABoU0QAAAACgQRENAAAAABoU0QAAAACgQRENAAAAABoU0QAAAACgQRENAAAAABoU0QAAAACgQRENAAAAABoU0QAAAACgQRENAAAAABoU0QAAAACgQRENAAAAABoU0QAAAACgQRENAAAAABoU0QAAAADgof/97/82GGgo5FeNswAAAABJRU5ErkJggg==',213,'2019-03-24 17:16:00',1),(4,'数据结构3','data:image/png;base64,iVBORw0KGgoAAAANSUhEUgAABmwAAAMiCAIAAADsC3tYAAAAAXNSR0IArs4c6QAAAARnQU1BAACxjwv8YQUAAAAJcEhZcwAADsMAAA7DAcdvqGQAAE50SURBVHhe7d1bgto6FgXQO64MiPHUaGoyGUw3NvuAARtVEQx+rPXRobaFsSVBSafJzX//AwAAAAAeUkQDAAAAgAZFNAAAAABoUEQDAAAAgAZFNAAAAABoUEQDAAAAgAZFNAAAAABoUEQDAAAAgAZFNAAAAABoUEQDAAAAgAZFNAAAAABoUEQDAAAAgAZFNAAAAABoUEQDAAAAgAZFNAAAAABoUEQDAAAAgAZFNAAAAABoUEQDAAAAgAZFNAAAAABoUEQDAAAAgAZFNAAAAABoUEQDAAAAgAZFNAAAAABoUEQDAAAAgAZFNAAAAABoUEQDAAAAgAZFNAAAAABoUEQDAAAAgAZFNAAAAABoUEQDAAAAgAZFNAAAAABoUEQDAAAAgAZFNAAAAABoUEQDAAAAgAZFNAAAAABoUEQDAAAAgAZFNAAAAABoUEQDAAAAgAZFNAAAAABoUEQDAAAAgAZFNAAAAABoUEQDAAAAgAZFNAAAAABoUEQDAAAAgAZFNAAAAABoUEQDAAAAgAZFNAAAAABoUEQDAAAAgAZFNABo+A/+s2QCANg7K0IAaEgRhX3LbAAAYK+sCAGgIUUU9i2zAQCAvbIiBICGFFHYt8wGAAD2yooQABpSRGHfMhsAANgrK0IAaEgRpSRl6zLeJSkAAHtlRQgADSmilKRsXca7JAUAYK+sCAGgIUWUkpSty3iXpAAA7JUVIQA0pIhSkrJ1Ge+SFACAvbIiBICGFFFKUrYu412SAgCwV1aEANCQIkpJytZlvEtSAAD2yooQABpSRClJ2bqMd0kKAMBeWRECQEOKKCUpW5fxLkkBANgrK0IAaEgRpSRl6zLeJSkAAHtlRQgADSmilKRsXca7JAUAYK+sCAGgIUWUkvQFvg9/vv4e//z79ee/w/fpwSn5Pvx3enDl3K47PuHytK713UnGT3yXX15px9KjJSkAAHtlRQgADSmilKSv8H3oS1UpWV3VyMZKWFcNxmphw/j8uHvWpHqZ6xNOnH5n0kUlKQAAe2VFCAANKaKUpK/xfThXz+p7aX0N69rh+7oSdji0imhTZbCf5HcvfzL6vC3LfZekAADslRUhADSkiFKS/rPxb4j9+fr7ffke2uW7Z53LTxN1rqO+1HU+Q/eMq+LXsFh2cn2qP19fx58vL1nun7d96ZKSFACAvbIiBICGFFFK0hfpqlOHw6DU1Re16qe/9R9J610V0cZqWqe4a3bWte9POeZ8jnOx7fKC3ZMuxbSJF9y0dFJJCgDAXlkRAkBDiigl6T87lba6OtVV1ev0lzVP5atL1ax3+rH7G6BXNa2bVjGeTkiZ7dK+e/awaqaIZskEALB3VoQA0JAiSkn6Kl396qbYda5/3dXKOt2RFL1G9c84Nv5xBe3Y+PCnq5l9nV+uf+HvwdfgFNEsmQAA9s6KEAAaUkQpSf/ZaCHsVPk6VdGG3warqlYaXNW0zjW3s6q39Y4NR1/q/Lc5u3/R4FQ/Oz6vy/LH8MzHM/y8KLcR6aWSFACAvbIiBICGFFFK0le4Kn9d/ZCy131trE/6B1/H/7nXHe8OXz33quYWlR0bH/8ctLhq3F3H8URX17YXpw49SwoAwF5ZEQJAQ4ooJekLdBWqo3NdbFjo6o/d1K2qlHVqe/leWpksdV3VxaKy7j+xNmyRixoae60dyN2XpAAA7JUVIQA0pIhSkr5OylaDIlWfdP++wHXtK0Wy1NvuS2ZXSffDyc2/QxDX2ViLgfvX2oF0X0kKAMBeWRECQEOKKCXpSwzqZ33RKyWyqqj1jy/FrVMpqwpap4a3zmcY1sTyMrd+XETrzvioxrZN6aWSFACAvbIiBICGFFFK0n/WV7ZuSlN9diqglS46Vc46g2+VVTHt4j6JsRLZdTbSonvhs7un70BuvSQFAGCvrAgBoCFFlJKUrct4l6QAAOyVFSEANKSIUpKydRnvkhQAgL2yIgSAhhRRSlK2LuNdkgIAsFdWhADQkCJKScrWZbxLUgAA9sqKEAAaUkQpSdm6jHdJCgDAXlkRAkBDiiglKVuX8S5JAQDYKytCAGhIEaUkZesy3iUpAAB7ZUUIAA0popSkbF3GuyQFAGCvrAgBoCFFlJKUrct4l6QAAOyVFSEANKSIUpKydRnvkhQAgL2yIgSAhhRRSlK2LuNdkgIAsFdWhADQkCJKScrWZbxLUgAA9sqKEAAaUkQpSdm6jHdJCgDAXlkRAkBDiiglKVuX8S5JAQDYKytCAGhIEaUkZesy3iUpAAB7ZUUIAA0porBvmQ0AAOyVFSEANKSIwr5lNgAAsFdWhADQkCIK+5bZAADAXlkRAkBDiijsW2YDAAB7ZUUIAA0porBvmQ0AAOyVFSEAsDWpe6l8AQDwOhaXAPBhqfeo+LxIenMgBwAA4B9YVgLAJ6XMU5LyD9KVd3IYAACeYkEJAJ+R0s61HOMfpCsnpBEAAPySpSQAvFvKOWPSgn+T3nwoTQEA4GesIAHgrVLCGZMWvEi69aE0BQCAFmtHAHiTlG0mpBGvlv59KE0BAGCaVSMAvEOqNWPSgjmlrx9KUwAAGGO9CADzSoVmQhrxFun0h9IUAACuWSkCwIxSmBmTFrxdBuChNAUAgGKNCACzSDFmTFrwURmMh9IUAAAU0QBgDqnBjEkLliGj8lCaAgCwb9aFAPBKqbuMSQsWKYM0Le0AANgrK0IAeJmUW8akBcuW0ZqWdgAA7I+1IAC8QEosY9KC9cjIPZSmAADshiUgAPyrlFXGpAUrlCF8KE0BANgBiz8AeF5KKWPSgpXLcD6UpgAAbJplHwA8KRWUMWnBVmRcH0pTAAA2yoIPAH4tVZMxacEWZYwfSlMAADbHUg8AfifFkjFpwaZlsB9KUwAANsQiDwB+KgWSMWnBbmTgH0pTAAA2wfIOAH4kdZExacH+ZAY8lKYAAKychR0ANKQWMiYt2L1MiGlpBwDAalnSAcAjKYGMSQsomRnT0g4AgBWymAOAcSl7jEkLGJNZ8lCaAgCwHtZwADAipY4xaQEPZbo8lKYAAKyB1RsAXEl5Y0xawI9l6jyUpgAALJt1GwBEShoT0gh+L3PooTQFAGCprNgAoJNKxpi0gH+T+fRQmgIAsDzWagDsXaoXE9IIXiQT66E0BQBgSazSANi1FC3GpAXMIJPsoTQFAGAZrM8A2KkUKiakEcwps+2hNAUA4NOszADYo9QnxqQFvFEm37S0AwDgc6zJANiX1CTGpAV8SCbitLQDAOATrMYA2JGUIsakBXxaZuRDaQoAwBtZhAGwC6k9jEkLWJLMzofSFACAt7D8AmD7UnIYkxawSJmmD6UpAAAzs/ACYMtSZhiTFrB4mbIPpSkAALOx5AJgs1JdGJMWsB6Zuw+lKbxdpiAbkqEFYMCHIwAblB3AmLSAdco8fihN4Y0y+diQDC0AAz4cAdiaLP/HpAWsXCb0Q2kKb5Fpx4ZkaAEY8OEIwHZk4T8mLWBDMrmnpR3ML3OODcnQAjDgwxGAjciqf0xawEZlot/JYZhf5hwbkqEFYMCHIwCrl/X+mLSAHcikH8gBmF/mXEnKqmTwSlIABnw4ArBuWeyPSQvYk8x+85/3yrQrSVmVDF5JCsCAD0cA1irL/DFpAcBb5MO3JGVVMnglKQADPhwBWKWs8cekBTyU6QLTMlf4gXRZScqqZPBKUgAGfDgCsDJZ3Y9JC/iBTBqYlrnCD6TLSlJWJYNXkgIw4MMRgDXJ0n5MWsDPZN7AtMwVfiBdVpKyKhm8khSAAR+OAKxDFvVj0gJ+I7MHpmWuMC09dSeHWZUMXkkKwIAPRwBWICv6MWkBv5QJBNMyV3Yv3fEbeSarksErSQEY8OEIwApkRX8tx+ApmUYlKfuW2VCS7kPu+UVyUlYlg1eSAjDgwxGAFciKfiAH4FmZSSUp+5bZUJJuSG5sfnm9n/r79ee/w3d+eKRr+LOW8X34VfN9y+CVpAAM+HAEYB2yqLes50Uyn0pS9i2zoSRdm1z9R+VSfu778KA4djz45+vv6XFXRjv/0HjekSLaL2TwSlIABnw4AmxBFrwsT0aI5ckIlaTsW2ZDSbpIucRPy9X8uuv6b5S1TBTOhl9bGz7+4VmPBkU4BtI9JSkAAz4cAbYgC16WJyPE8mSESlL2LbOhJP2cXMen5WoeStOSdNJ1Wazppvn562Xt0/gm2i9k8EpSAAZ8OAJsQRa8LE9GiOXJCJWk7FtmQ0k6s7zYp+VqnpWzlKSTfllEu/4bnWf3Z+n+dmfLr153V9JBJSkAAz4cAbYgC16WJyPE8mSESlL2LbOhJH2FnPHTcjUzyAuUpJN+XUTrn3HznbKuYtb6mplvov1CBq8kBWDAhyPAFmTBy/JkhFiejFBJ+jGDCsHoV25ObisPVUTo/rx9zuhpps49WtKYanyTjxQ3ViuzoST9sTzt03I175XXLkknjc64hm6aD2ba/Sm6Bj+ksDYmnVOSAjDgwxFgC7LgLUn5hIxBScryZIRK0o8ZVKKmalcjRwbPuqsoXDWu8sPEuc9xd5ZJVXe4PsnEKdcpd1qSXsuxT8vVLEYuqySddF8B+4max0f9VK0pOaGfm1++ivZjGbySFIABH44AW5AFb0nKJ2QMSlKWJyNUkr5TVxC4kq3+XZ5aw6BiVq6i0/Nufjw9ty8mXD0YGg2PfpIfH48Zfd4K5PLLffJmp6tahVxxSTqpmzjP1LZSfOue3phkl2l69ehorbNzfv3QXSQFYMCHI8AWZMFbkvIJGYOSlOXJCJWkHzMoh122/FeO8anBbUmgXEoS/ckOfbPuWV/HH8d15zmfN+WJ/gy9ywuV6xfsv+QzUgm5f95q5M7eK6+9crmZknRKN5OenCTdPD26n3cDpzaXF8hzaqb/XefsnF/fSRdJARjw4QiwBVnwlqR8QsagJGV5MkIl6cf0da9TWWC0BnUMz6WuP1/fVUcYbdudqy9wnQ519YqqONy1r+pCr2vVtR51ft7p9Mcf+kvpw+FLjLzIeuReZ5AX2K7cZ0k6oZswT8yRzNZ6A4yeoW9zPDIx1S/TlHtd7w4kBWDAhyPAFmTBW5LyCRmDkpTlyQiVpB/T7fCzvx+rQXVFh7iqAgzbpsJQlbUcGpz4aOzcR9eNGnItl/bds4dnnXiRNejv7Hk5yy6lC0rSUd0M+uUMyaS7m/2dy6mGJz7NwrwpLs8bPRFx6puzpAAM+HAE2IIseEtSPiFjUJKyPBmhkvSdan9/ln19bfPPzvv94zPGighxU5Y4FRHyQxkNb0/70N+vw5+rL7qdzvl9/lbaxIusQ7qy3CdHp5bcSO+UpGN+NT+OjTuPJuhdoayTcK0T8UP6frxICsCAD0eALciCtyTlEzIGJSnLkxEqST+m2/OnCDBVY/j7dRiUqTrHJ0wXJM5HqsZwrz9+dfiY5Ny38irfh6qfHZ/XZfljeAfHMzyqeSxZbrYk5QfSZSUpq5LBK0kBGPDhCLAFWfCWpI91O95si3vdzrnb+HZ/DvPOeTc+NBoe3Z64N9X4Jr9sw1crY1CSsjwZoZL0YwZzf/zdckwvLu+SwfNu3j6jp7kPu2ddfYln7HmVHRsf/xy0uGp8/KE70c11rMqpe8+S8gPpspKUVcnglaQADPhwBNiCLHhL0ofuNso3e/Grg2Mb5fsznJzj0958Qm2xr08yccpVyQ2WpCxPRqgk/ZjBG3D0fXAMx/9uWneg/8+gHR2+B//u4NRpWu+xsSaVfR+u3/vHR7dO/9H3eoevTW6iJOUH0mUlKauSwStJARjw4QiwBVnwlqQPjHxV5Co6bY1vfjxtm8/758tGemA0PPpJfnw8ZvR5y5WrLklZnoxQSfpG9xM+77j7A8M3QV+dHgan5kkG76jBw4vRcFjyHv8HP6+ziZOUkY+X1UgvlKT8QLqsJGVVMnglKQADPhwBtiAL3pJ02nEPfNrjXjbDx0cDlx1wvx8+9M26Z32d99q3uvOcz9s962qXfXmhcv2C/X9maWTjff+8pcsNlaQsT0aoJP2YQeVpYtan0HU5dPseOuZdVG+j0dPchaezDrPr054Nmoye+ezu3b8mudmSlB9Il5WkrEoGryQFYMCHI8AWZMFbkk457oDPpa7TX706Gv/+SfbD53+Hr9teT27Rs8c/6Vp1rUedn3febveX0ofDlxh5kcXLLZakLE9GqCT9mO69kIk/Nuuv3hd5qw0bnd9slzCnOR8ZNfL2mnj5QTbS4upVRk66FrmDkpQfSJeVpKxKBq8kBWDAhyPAFmTBW5JOGOx2L8Wqo+HGOJv0qqzl0GCbfzRsP3DdqCHXcmnfPXt41okXWbD+hi6SsjwZoZKUfctsKEn5gXRZScqqZPBKUgAGfDgCbEEWvCXpQ3+//tyW0AZuClejpazR8Pa0D/39Ovy5+qLb6Zzf52+lKaIxn4xQScq+ZTaUpPxAuqwkZVUyeCUpAAM+HAG2IAvekvSBv1+HQZmqc/h+ULA6H+m+KDauP351+Jjk3LfyKt+Hqp8dn9dl+eN0nlMt7niGnxflFiH3WJKyPBmhkpR9y2woSfmBdBkbkqEFYMCHI8AWZMFbkk66qm1dalSX0tXwYWe0vHYfds+6+juiY8+r7FQxG7S4anz8oTvRzXWswalXz5KyPBmhkpR9y2woSfmBdBkbkqEFYMCHI8AWZMFbkk7pClT3xa2jU+WqP3z88+/fc4ur+lYZDa+NNans+9BVxy4tjo9unf7VA0U0ZpERKknZt8yGkpQfSJexIRlaAAZ8OAJsQRa8JWlT/82xYZXrVMi6VLXq2ODhxWhYX0frjP+Dn9fZxEmKb6Ixm4xQScq+ZTaUpPxAuowNydACMODDEWALsuAtSael0HUpX31ffQ2sz7uo6lejpa678HTWYXZ92rNBk9Ezn3VnfHB4kXKPJSnLkxEqSdm3zIaSlB9Il7EhGVoABnw4AmxBFrwl6YRhdey+nDaofF3ClLomamIxUu0aK5FdZyMtrl5l5KQLlwsvSVmejFBJyr5lNpSkAAA9iwOALciGryTlEzIGJSnLkxEqSdm3zIYJaQQA7JXVAMAWZIdXkvIJGYOSlOXJCJWk7Ftmw2/kmQDADvjFD7AF2cyVpHxCxqAkZXkyQiUp+5bZ8M9yOgBgW/yOB9iC7NtKUj4hY1CSsjwZoZKUfctsmEdeAwBYLb/OAbYgW7SSlE/IGJSkLE9GqCRl3zIb3iuvDQAsnl/bAFuQrVhJyidkDEpSlicjVJKyb5kNJWlJ+hZ5SQBgSfyGBtiC7LpKUj4hY1CSsjwZoZKUfctsKEkfStO3yEsCAB/ilzHAFmSDVZLyCRmDkpTlyQjBtMyV38vz3yIvCQDMz+9dgC3IXorlyQixPBkhmJa58iI56VvkJQGAl/IrFmALsm1ieTJCLE9GCKZlrswpr/QWeUkA4Fl+mwJsQXZILE9GiOXJCMG0zJVPyBW8RV4SAGjxWxNgC7ITYnkyQixPRgimZa4sRi7rLfKSAMCAX5AAW5BND8uTEWLHMhVMhgnpnWs5xg+ky94iLwkAe+V3IcCWZd9zJ4eBmeUtV5JyLb1zLcd4SjrxLfKSALADfu0BbFM2NxPSCJhN3mzXcow76aBrOcaLpFvfIi8JANviNxzABmUTMyGNgHnknTYmLRiTPrqWY8wmHf0WeUkAWC2/zAA2JTuVCWkEzCZvtjFpwbT01LUc473S+2+RlwSAxfNLC2AjsheZlnbAPPJOm5BGtKS/ruUYn5bxeIu8JAAsid9PAKuXDce0tANmkzfbmLTgx9Jx13KM5ckIvUVeEgA+xK8igBXLrmJa2gGzyZttTFrwe+nBaznGGmTM3iIvCQDz81sHYK2ye5iQRsCc8n4bkxY8K/14LcdYp4ziW+QlAeCl/IIBWJ9sESakETCnvN/GpAX/LB16LcfYiozrW+QlAeBZfpcArEn2ARPSCJhT3m8T0ogXSbdeyzG2KyP9LnlVAGjxOwNgHbLSn5Z2wJzyfhuTFrxa+ncgB9ifzIC3yEsCwIBfDwBLl+X8tLQD5pT324Q0Yh7p5YEcAJU1AN7IbwKA5cqafVraATPLW25MWjCzdPdADsCYzJKZ5cUA2A0f/QALlRX6hDQCZpa33Ji04F3S7wM5AD+TefNSOTUA++BzH2BxsjCfkEbA/PKuG5MWvFG6/lqOwbMyk56VswCwDz73ARYkS/IJaQTML++6MWnBJ2QMruUYvE7m1g/kCQDsg899gEXIYnxa2gHzy7tuTFrwORmJazkGM8uEK0kB2A0f/QAflpX4tLQD5pd33Zi0YAEyJNdyDABgNhYcAB+Tnd+0tAPml3fdhDRiMTIw13IMAGAeVhsAn5E934Q0At4ib7wxacHyZISu5RgAwAwsNQDeLVu9CWkEvEXeeBPSiKXKOF3LMQCAV7POAHif7PCmpR3wFnnjjUkLFi8Ddi3HAABeyiID4B2ysZuWdsBb5I03Ji1Yj4zctRyDlswYmJCJAtDzoQAwryzBpqUd8C55741JC9Ym43ctx+ChTBeYkIkC0POhADCjrL8mpBHwLnnvjUkLVisDeS3HYFrmCkzIRAHo+VAAmEVWXhPSCHijvP3GpAUrl+G8lmMwIRMFJmSiAPR8KAC8WNZcE9IIeKO8/cakBVuRcb2WYzAmswQmZKIA9HwoALxMVlvT0g54l7z3JqQR25LRvZZjcCdTpCRlxzIVSlKAng8FgBfIOmta2gFvlLffmLRgozLM13IMrmV+lKTsWKZCSQrQ86EA8E+ywpqWdsAb5e03Ji3Yuoz3tRyDgUyOkpQdy1QoSQF6PhQAnpfl1YQ0At4r78AxacE+ZNSv5RiUzIySlB3LVChJAXo+FACekYXVhDQC3ivvwDFpwc5k+K/lGPQyLUpSdixToSQF6PlQAPidLKkmpBHwdnkTjkkLdimT4FqOgYoJdzIVSlKAng8FgF/IempCGgHvlXfgmLRg3zIbruUYu5cJUZKyY5kKJSlAz4cCwC9kPXUnh4H3yjtwQhrBxFTJMfYts6EkZccyFUpSgJ4PBYBfyHpqIAeAt8ubcExawEAmx7UcY8cyFUpSdixToSQF6PlQAPidLKksquBz8iackEZwJ1PkWo6xV5kHJSk7lqlQkgL0fCgAAGuSbc2YtIBpmSsDOcBeZR6UpOxYpkJJCtDzoQDMIusO1imjCHcyRViDjBl30kEDOcAuZRKUpOxYpkJJCtDzoQDMIusO1imjCHcyRViDjBlj0kcDOcD+ZAaUpOxYpkJJCtDzoQDMIusO1imjCHcyRViDjBkT0k0DOcDOZPhLUnYsU6EkBej5UABmkXUH65RRhDuZIqxBxowJ6aZrOcaeZOxLUnYsU6EkBej5UABmkXUH65RRhDuZIqxBxoxp6alrOcZuZOBL0qf9/fpzPMufr7/5eUTXZNCg+/Hw3f1x+6zvwylJi/7BKfk+jL/EMT+1rAu5MfokbqSzSlKAng8FYBZZd5SkLFXGqSSFO5kiJemc8koDOcCddFBJykPprGs5xj5k1EvSp3QlrAmpbHVuCmCXutd9ZeyYdIcuZbZLy8EJzy4NTj/cnO0+YVTGrCQF6PlQAGaRdUdJylJlnEpSuJMpUpLOLC9mZrakm0pSWtJf13KMHciQl6S/1JWvriplpT9wVbq6KYANK2cjVa7vw7Fxd5LDd30vrX/Otf6E52f3r3n4UkR7Vnq1JAXo+VAAZpF1R0nKUmWcSlK4kylSkrIMGZWSlB9Il13LMbYu412S/sKpZtXXxW4qYsfT3VatqpDVHT0+ODUaMXnseGBQhuvanB7XiU+ve6q8nYKz+4RR6eqSFKDnQwGYRdYdJSlLlXEqSeFOpkhJyjJkVEpSfia9di3H2LQMdkn6tPO3xMbqVecy1qna1te7RgpiQ13Lw2HwH1HrX6B+Op/wdKqT++TsfBYeSGeVpAA9HwrALLLuKElZqoxTSQp3MkVKUpYho1KS8mPpuGs5xnZlpEvS3zsXre4LYWfnClvfKD9NFdFOh7vkph52ONRX0W6f0pfcbutrZ/cJo9LPJSlAz4cCMIusO0pSlirjVJLCnUyRkpRlyKiUpPxG+u5ajrFRGeaS9OeqMHZdnzqlozWr46G+8NX9N86+x74u1rmUxrozXRXKBrWzQc2sU2fuKaI9LWNQkgL0fCgAs8i6oyRlqTJOJSncyRQpSVmGjEpJuh65btYm47dauY2S9Hmn8tm9U/3qpux1LofdPO6MnujU4NS0+9/Bybqi3Feec2x2XzK7Txh16sOzpAA9HwrALLLuKElZqoxTSQp3MkVKUpYho1KSrkeum7XJ+K1WbqMkfUIVvW4LVV2tK2H/sHTRVTA0LJZ1j25/yIudf86ZLj+Pn1oR7SfSWSUpQM+HAjCLrDtKUpYq41SSwp1MkZKUZciolKTrketmbTJ+q5XbKEl/5VTRSoFqWOs6FbIeVK5uGw+KYEfDSll3dHii/th182vHJ9y88H3CqL7XL5IC9HwoALPIuqMkZakyTiUp3MkUKUlZhoxKSboeuW7WJuO3WrmNkvSf1HfSJqpcXT0sR4eFs+HjK3ffOksF7XD835uqWL3yMVZEe9qpD8+SAvR8KACzyLqjJGWpMk4lKdzJFClJWYaMSkm6Hrlu1ibjt1q5jZL0SYP6WJIrp8ODSta5/Z3TCQb1s77p8cHpKafD/ePT6U4tBy97PKaI9pyuJweSAvR8KACzyLqjJGWpMk4lKdzJFClJWYaMSkm6HrnukvTTcjVm+0B6pCRdrdxGSfoLp6rWyW+LVN1zB4WvK31Z7OaEp6+gXT2hi25OkdLbBIW0lnRUSQrQ86EAzCLrjpL0hbpl53AZWGvI7s/b5eExu18xjoZ3jq2mFrebknEqSeFOpkhJOq57N/7ALt5i75EeLUnXI9ddkrI8GaGSdLVyGyUpO5apUJIC9HwoALPIuqMkfZ27Etjg/8u9ra9dN+729am2KaKdZZxKUriTKVKSjrt7592/5R59CYNfy6iUpOuR6y5JWZ6MUEm6WrmNkpQdy1QoSQF6PhSAWWTdUZK+ysjG+yrqtuuD77ecfjzt38/b+qv9/Ul3jp+4rwSsXu6sJIU7mSIl6bjBm+z0JrzWHVNEe6n0bEm6HrnukpTlyQiVpKuV2yhJ2bFMhZIUoOdDAZhF1h0l6Ysc9+Onbfdlj369Rb9syvst+qFv1j3ra7JMNlEYO7/UxqUXSlK4kylSko6rN+jp7Tl4j/X16v6dpYj2Uv2YXCRdj1x3ScryZIRK0tXKbZSk7FimQkkK0POhAMwi646S9CXOda3j9vvP1/epLHb4rv36lW6H/ufrqw51e/nasI+2P232H7t/1gbk3kpSuJMpUpKO699k3Vu0f9fl7dcX0M7vIkW0l8qolKTrkesuSVmejFBJulq5jZKUHctUKEkBej4UgFlk3VGSvsKgznW19x4Wxfpt+qWylkPX2/Vh+2nHVrvY4ff9eZEU7mSKlKTjbt5kxx/j8qZSRHup9G9Juh657pKU5ckIlaSrldsoSdmxTIWSFKDnQwGYRdYdJenrHLfetyW0gZvq2Gi97D68PsdDm9v1575KUriTKVKSjuveZIfD+a9QX9425/da/zesFdFeJt1akq5HrrskZXkyQiXpauU2SlJ2LFOhJAXo+VAAZpF1R0n6Kn+/DlX/ym78uA2/r4qV85F8Q23E2DP7p33t46to6YaSFO5kipSk467ek3mr3rzVfBPtpfouvki6HrnukpTlyQiVpKuV2yhJ2bFMhZIUoOdDAZhF1h0l6WtkM35y2X8PduM3G/OrrXwZDS8uh68eHT161mr1fXmRFO5kipSk48beZDfvIkW0l+rH5CLpeuS6S1KWJyNUkq5WbqMkZccyFUpSgJ4PBWAWWXeUpC/Rb8LHKlndgf4/g3Z0+P7799xibCs/Hp6cvrB2OXr6uQp2gxNvR39/F0nhTqZISTqu3mT1Dhp54yqivVS6uSRdj1x3ScryZIRK0tXKbZSk7FimQkkK0POhAMwi646S9LX6nflwU36qnyUZFMl+UUSrc94dPZUBNrvb7zpuICncyRQpScdNvI1OTkcU0V4qfVuSrkeuuyRleTJCJelq5TZKUnYsU6EkBej5UABmkXVHSfoi2YlftufHvfpAn3dR7c1H62X3YfeUik5Ha8t/3uR3Ta6CrTjd1llSuJMpUpKOq/dLgyLay6RHS9L1yHWXpCxPRqgkXa3cBkzIRAHo+VAAZpF1R0n6Ct2+/LzpviunDfbtl/BUEWvs6IfnGDvvtvVdcJEU7mSKlKTj8s57xDfRXiqjUpKuR667JGV5MkIl6WrlNmBCJgpAz4cCMIusO0pSlirjVJLCnUyRkpRlyKiUpOuR6y5JWZ6MUEm6WrkNmJCJAtDzoQDMIuuOkpSlyjiVpHAnU6QkZRkyKiXpeuS6S1KWJyNUkq5WbgMmZKIA9HwoALPIuqMkZakyTiUp3MkUKUlZhoxKSboeue6SlOXJCJWkq5XbgAmZKAA9HwrALLLuKElZqoxTSQp3MkVKUpYho1KSrkeuuyRleTJCJSkA7IBfe8AssrIuSVmqjFNJCncyRUpSliGjUpKuR667JP2Rxj9R8YN/5IJfyAiVpACwA37tAbPIyrokZakyTiUp3MkUKUlZhoxKSboeue6S9EeqiJZ/WjnOZTVFtNdK/5akALADfu0Bs8jKmnXKKMKdTJGSlGXIqJSk65HrLklbvg9p37mUyvqy2mF4bHiUf5L+LEkBYAf82gNmkZU165RRhDuZIiUpy5BRKUnXI9ddkv5IV0nrv3f2fUil7OrLZ76J9loZoZIUAHbArz1gFllZs04ZRbiTKVKSsgwZlZJ0PXLdJelP9H+L8/SXN48Pu3pZ98fhUP+hNEW018oIlaQAsAN+7QGzyMqadcoowp1MEdYgY7Yeue6S9AfO/yW0vlLWfSvtz5++flbFM0W01zr19llSANgBv/aAWWRlzTplFOFOpghrkDFbj1x3SdrWfevsXDTrvnrWldFO30HL99IU0V7rNEBnSQFgB/zaAxYnq/KSlGnpqYEcgFfLDGMNMmbrkesuSZv+fv05fOVf5zzpi2inqtmpiqaI9lqnATpLCgA74NcesCxZkg/kANPSU3dyGF4nc4s1yJitR667JG3pv33W/YXOKqL1j7t/l/OqqqaI9kIZoZIUAHbArz1gQbIeH8gBHkpnTUgjeIXMKtYgY7Yeue6StOX766v/dwRSM+se9QWzYeFMEe21MkIlKQDsgF97wFJkMT6QA/xAumxCGgEsWD6wStIfqSLad/ePCqRcdszqoSLaa2WESlIA2AG/9oClyGJ8IAf4sXTchDQCWKR8VJWkP3Iqog3KZtcU0V4rI1SSAsAO+LUHLEJW4gM5wO+lByekEcDC5EOqJP2R+ibare6bab2xgzwrnVqSAsAO+LUHfF6W4QM5wLPSj9PSDmAx8vFUkrI8GaGSFAB2wK894POyDB/IAf5NenNa2gEsQD6YSlKWJyNUkgLADvi1B3xY1uADOcCLpFsnpBHAp+VTqSRleTJCJSkA7IBfe8AnZQE+kAO8Wvp3QhoBfE4+j0pSlicjVJICwA74tQd8UhbgAznAPNLLE9II4BPySVSSsjwZoZIUAHbArz3gY7L6HsgB5pS+npZ2AO+Vz6CSlOXJCJWkALADfu0Bn5Gl90AO8Bbp9GlpB/Au+fQpSVmejFBJCgA74Nce8AFZdw/kAO+V3p+WdgDzy+cOa5PxA4Ad8GsP+ICsuwdygE/IGExII4CZ5UOHtcn4AcAO+LUHvFsW3QM5wEdlMCakEcBs8nHD2mT8AGAH/NoD3ior7oEcYBkyKhPSCGAG+aBhbTJ+ALADfu0Bb5UV90AOsBgZmGlpB/BS+YhhbTJ+ALADfu0B75Pl9kAOsDwZoWlpBwAAsA92QcCbpPQykAMsWIZqWtoBAABsnf0P8CYpugzkAIuXAZuQRgAAAJtm8wO8Q8otAznAemTkJqQRAADARtn2ALNLlWUgB1ibjN+0tAMAANgcGx5gXimuDOQAq5WBnJZ2AAAAG2KrA8wrZZWBHGDlMpzT0g4AAGATbHKAGaWaMpADbEXGdUIaAQAArJ8dDjCX1FEGcoDNyQBPSCMAAIA1s7cB5pIKykAOsFEZ5glpBAAAsE52NcAsUjgZyAE2LYM9Le0AAADWxn4GeL3USwZygH3IqE9LOwAAgPWwkwFeL5WSgRxgTzL209IOAABgDexhgBdLgWQgB9ilTIIJaQQAALB4NjDAK6U0MpAD7Ftmw4Q0AgAAWDBbF+BlUhEZyAHoZVpMSCMAAIBFsmkBXia1kIEcgJKZMS3tAAAAFsZ2BXiNlEAGcgDuZIpMSzsAAIDFsFEBXiCVj4EcgGmZK9PSDgAAYAFsUYAXSM1jIAegJTNmQhoBAAB8mv0J8K9S7RjIAfixTJ0JaQQAAPA5dibAP0mRYyAH4JcygaalHQAAwCfYkwD/JOWNgRyAp2QaTUs7AACA97IbAZ6XqsZADsC/yXyalnYAAADvYh8CPCnFjIEcgBfJxJqQRgAAAG9hEwI8I2WMgRyAV8sMm5BGAAAAM7P9AJ6RAsZADsA8Ms8mpBEAAMBsbDyAX0vdYiAHYE6ZbRPSCAAAYB52HcDvpGIxkAPwFpl2d3IYAABgHnYdwO+kYjGQA/BGmXwDOQAAADAPuw7gF1KuGMgB+ITMQvMQAACYn40H8FMpVwzkAAAAAGydPTDwU6mcDeQAAAAAbJ09MKxPKljMI70MAAAAA7aLsD4p9jCP9DIAAAAM2C7C+qTYwzzSyxuSG2MHMuQAAMAMLLhhfbJdZh7p5Q3JjbEDGXIAAGAGFtywPtkuM4/08obkxtiBDDkAADADC25Yn2yXS1KelX4sSTckN8YOZMgBAIAZWHDD+mS7XJLyrPRjSbohuTF2IEMOAADMwIIb1ifb5ZKUZ6UfS9INyY2VpGxCBrUkBQAAZmDBDeuT7XJJyrPSjyXphuTGSlI2IYNakgIAADOw4Ib1yXa5JOVZ6ceSdENyYyUpm5BBLUkBAIAZWHDD+mS7XJLyrPRjSbohubGSlE3IoJakAADADCy4YX2yXS5JeVb6sSTdkNxYScomZFBLUgAAYAYW3LA+2S6XpDwr/ViSbkhurCRlEzKoJSkAADADC25Yn2yXS1KelX4sSTckN1aSzuT7kJf577/D9130339/vr6//uTxUDXu/T02+fP1Nz+dztA16P4c5p1jdhtNhHeOra5edo3SfSUpAAAwAwtuWJ9sl0vSN6hSRul+vrgpR6ynDpLrL0k3JDdWkv6bbhhHjYzGeYyOc+I4pN3MuG51m9wN/aDB7by6btxdVtfw7gyjzhe2Yun2khQAAJiBBTesT7bLJenMuurExalAcalU3NdF7qoYy62D5J5K0g3JjZWk/2wwQN2IDkbrZjrUGOXPvvGdS/ubZ3euouNphu1PP55e/HxJ5wcX4y977/Z5C5erLkkBAIAZWHDD+mS7XJLObFCVqIeDysZt3WNVdZA8qSTdkNxYSfoCwzEdjtvN2B+TY3BsfGpwPzlu58bp8WUCdKe8uDy3f96hb9Y962tyekxMiPNLrVjusCQFAABmYMEN65Ptckk6s66icTj0ZZBTcaMrYJyLEzd1kXNx4tQ0jwYWVQfJC5SkG5IbK0n/xfVoTjsNWj9Gx//JEN5MlqNBch7PY3b+z6cNnz3QPe3P11cd6i6qzjvavmvQcv+shct1l6QAAMAMLLhhfbJdLklndqpKHP/3VNA4HO7/Rmbv8N09XFUdJE8rSTckN1aS/ovRsbl1bnR8cBzUc6Wse3DvNOyD8a150Bu+YJ5fMyqHzqfvDdtPO7a6epU16vvqIikAADADC25Yn2yXS9KZDaoSjQLF8XBZRx2kv9SLpBuSGytJ/8WPxubcqMYoQYZ5MNrXA9//fDWoxycO3Lzy6LXch9fneOjqtZcu11ySAgAAM7DghvXJdrkk/aVTFetHzt8muxiJjoZlixXVQfKUknRDcmMl6T/rSl9TrkbuOG6n8Tg9qJLZVelsMNp/vw717Iz4sdXg+I3zkenrGXtm/7Sv9X8VLbdYkgIAADOw4Ib1yXa5JJ3ZoIiRh1c1kJsix6rqIHmFknRDcmMl6Uvcj2k/hNcjcmzUB5kxl4mTZx//6J7y9293ov6HcjnPYLYNHnbuL+FoNLy4HL56dPToWYvU99NFUgAAYAYW3LA+2S6XpDPrig1X/7DAqZiRmsN1XeNUjojl10H6y7xIuiG5sZL0RbqhHA7r+Eh2/3ZEp2s4HPx+xIbPuAtKd6D/67/9WU4Ft94xGn3JqWnQX+Tg6OnnuofBidehv/aLpAAAwAwsuGF9sl0uSeeVwsd3952iS4GiS48Pu8pGVUWOuh9HSxindv3h45+LqYP0T71IuiG5sZL0hU5DejSYBQPHw8MDmUvdn5k8Y+Pcj+nwwOlFkgwmx+DhxWh4Pufd0dMEGr/6hes6ZSApAAAwAwtuWJ9sl0vSeQ3LDsPHD6sPK6mDdNc0kHRDcmMl6WuchvTo8NUPQPfodgyObYbZaaQGDftznEczhy+je36JXp930eDZ1zOhcx92T6nodLSu43xtXZOrYA1Ol3yWFAAAmIEFN6xPtssl6ayuahLnH/qiw/nfGBgULdZVBzk94yzphuTGStJ/UL18NNLRg6On48dg2Ow4aKOj3TXu/ji3vZtGg3NfwmPU/XA+MurqBUfOu1797V0kBQAAZmDBDeuT7XJJOqfvVEGqUNH919GOf1wVUFKZWGEdpD/7RdINyY2VpGxCBrUkBQAAZmDBDeuT7XJJyrPSjyXphuTGSlI2IYNakgIAADOw4Ib1yXa5JOVZ6ceSdENyYyUpm5BBLUkBAIAZWHDD+mS7XJLyrPRjSbohubGSlE3IoJakAADADCy4YX2yXS5JeVb6sSTdkNxYScomZFBLUgAAYAYW3LA+2S6XpDwr/ViSbkhurCRlEzKoJSkAADADC25Yn2yXS1KelX4sSTckN1aSsgkZ1JIUAACYgQU3rE+2yyUpz0o/lqQbkhsrSdmEDGpJCgAAzMCCG9Yn2+WSlGelH0vSDcmNlaRsQga1JAUAAGZgwQ3rk+1yScqz0o8l6YbkxkpSNiGDWpICAAAzsOCG9cl2uSTlWenHknRDcmMlKZuQQS1JAQCAGVhww/pku1yS8qz0Y0m6IbmxkpRNyKCWpAAAwAwsuGF9sl0uSXlW+rEk3ZDcWEnKJmRQS1IAAGAGFtywPtkul6Q8K/1Ykm5IbqwkZRMyqCUpAAAwAwtuWI3sku/kMM9KP5akG5IbK0nZhAxqSQoAAMzAghuWJVvh38gzeVb6sSTdkNxYScomZFAHcgAAAHg1q234jOx3WZ6M0IbkxkpSNiGDOiYtAACAF7HIhhllL8uqZPA2JDdWkrIJGdRpaQcAAPwzy2t4gexW2YQM6obkxkpSNiGD2pLWAADAP7Cwhl/IfvRDchFqdjNLL29Ibozdy4QAAACeYkkNt7Ld/JBcxENpyjzSyxuSG4OSmQEAAPyGlTT7ld3kh+QiFiwXar+9fhlIdiBD/rNBT1MAAOBnrKHZuGwWPyQXsUK5gZKUdcoosgMZ8pL0oTQFAABarJ7ZiGwHPyQXsSG5sZKUdcoosgMZ8ms59lCaAgAA06ybWZls+D4kF7F1uduBHIBNy3QvSbcid9WS1gAAwB3LZZYom7kPyUXsVXphIAdg6zLjS9LNye09lKYAAMCAhTKflO3ah+QiuJbeGcgB2LrM+JJ0o3KTD6UpAADQs0TmHbIh+5BcBD+QLhvIAdiBTPqSdNNyqw+lKQAA7J7FMS+T/daH5CL4N+nNkhT2IfO+JN2B3HBLWgMAwF5ZE/Nr2U59SC6CGaSLB3IA9iHzviTdk9z5Q2kKAAD7YzXMuOyWPiQXwRul6wdyAHYjU78k3Z/c/0NpCgAAe2IdvHfZD31ILoIFyJAM5ADsRqZ+SbpX6YWH0hQAAPbBCnhfsu95u7w8S5VxGsgB2JPM/pJ039IXLWkNAACbZuH7pOwbmF96nDmlrwdyAPYks78kpZdOeShNAQBgoyx5n5QdA/NLjzObdPRADsDO5A1QkjKQrnkoTQEAYHMsdp+UvQLzS48zj/TyQA7A/uQ9UJJyJx30UJoCAMCGWOY+KbsE5pceZx7p5YEcgP3Je6AkZUK6qSWtAQBg/axun5TNAfNLjzODdPFADsAu5W1QktKS/nooTQEAYM2sa5+UbUFJyiukT0tSZpAuHsgB2KW8DUpSfia99lCaAgDAOlnRPikbgpKUV0iflqS8Wvp3IAdgr/JOKEn5jfTdQ2kKAABrYy37pGwFSlJeIX1akvJq6d+SFHYsb4aSlN9LD7akNQAArIQl7JOyAyhJeYX0aUnKS6VzB3IAdixvhpKUf5CufChNAQBg8Sxen5S1f0nKK6RPS1JeJz07kAOwb3k/lKT8s3ToQ2kKAAALZtn6pKz6S1JeIX1akvI66dmBHIB9y/uhJOVF0q0taQ0AAMtjtfqkLPZLUl4hfVqS8iLp1oEcgN3LW6Ik5aXSuS1pDQAAS2Kd+qQs80tSXiF9WpLyIunWkhTw7niv9PJDaQoAAMtghfqkLPBL0vf5Pvz35+tv9+jv15962LkcmHRscvjO4yVKn5akvEL6dCAHAB8+n5C+fihNAQDg06xNn5SlfUn6NlelsuEPP6ihKaLtVTp0IAeAXt4YJSnzS4+3pDUAAHyIJemTsqIvSd/l+5DX/a8vmXU/Hr6+/iQ66451X1T7iWbp7X1yRSUp/ywdOpADQMl7oyTlLdLpLWkNAABvZzH6pKzlS9I3mfwq2d+vPz8ohvkm2h6lNwdyABjI26Mk5b3S+w+lKQAAvJFl6JOyii9J32PwPbTratjxwJ+vv913z4bxsPmUBX0PzSZ2HunNkhS4lndISconZAweSlMAAHgLC9AnZf1ekr7F9+Hw3f8tzb5SlhJZ9zjfMLstot1Ju8Xqb+giKf8gXTmQA8C1vENKUj4nI9GS1gAAMCfrzidl2V6Svs+wUpbH9984Gw0nLaawluspSXlW+nEgB4A7eZOUpHxaxqMlrQEAYB5WnE/Kgr0kfYuvq38p4DD4VtrJw2+ifXd/4/Nr2V9Fy52VpDwr/TiQA8CdvElKUhYjA/NQmgIAwKtZaz4pS/WS9H3uv4k29p2zm1JZX0Hr/+NnV4+O/DfRtiqdOJADwJi8T0pSFibD81CaAgDA61hlPimL9JL0fe6LaKfHR+PfROvSYbHs9HPV2f7+VUTbpnRiSQpMyFulJGWRMkgtaQ0AAP/M4vJJWZuXpO9zqpQd//fQ/uucfb3sz9ffy9fPoj8wUnD7sFOXniXl99KDAzkATMhbpSRlwTJULWkNAAD/wLLySVmVl6Tvc6p/dUWxPJr4G5nd39asI6ciWrU/185Of6FzQcW00+WcJeWX0n0DOQBMy7ulJGUNMmYPpSkAADzFgvJJWY+XpG/TV8K6qlf3oK9+VW3sylVdLC3Gi21L0l/6RVJ+Kd03kAPAtLxbSlLWIyP3UJoCAMAvWUo+KSvxkpRXSJ+WpPuT+9+xdAS8USZfScraZPxa0hoAAH7GCvJJWYCXpLxC+rQk3Z/c/46lI+CNMvlKUlYrA/lQmgIAQIu145Oy9C5JeYX0aUm6P7n/HUtHwBtl8pWkrFyG86E0BQCAaVaNT8qiuyTlFdKnJen+5P53LB0Bb5TJV5KyCRnUh9IUAADGWC8+KcvtkpRXSJ+WpPuT+9+xdAS8USZfScqGZGhb0hoAAAYsE5+UVXZJyiukT0vS/cn99xJtXe62JIU3yuQrSdmijPFDaQoAAD0LxCdlfV2S8grp05J0f3L/vURbl7stSeGNMvlKUrYrI/1QmgIAsHuWhk/Kyrok5RXSpyXp/uT+e4m2LndbksIbZfKVpGxdxnta2gEAsG/WhU/Ksrok5RXSpyXp/uT+e4m2LndbkrJLmQQsT0Zoi3KHY9ICAIB9sy58UpbVJSmvkD4tSfcn999LtHW525KUXcokYHkyQpuWWx3IAQAA9s268ElZVpekvEL6tCTdn9x/L9HW5W5LUnYpk4DlyQitR66bD8kwAABsgsXNk7I2LEl5hfRpSbo/uf9eoq3L3Zak7FImAcuTEVqPXDcfkmEAANgEi5snZW1YkvIK6dOSdH9y/71EW5e7LUnZpUwClicjtB65bj4kwwAAsAkWN0/K2rAk5RXSpyXp/uT+e4m2LndbkrJLmQQlKZ+QMShJ1yPXzYdkGAAANsHi5klZG5akvEL6tCTdn9x/L9HW5W5LUnYpk6Ak5RMyBiXpeuS6+ZAMAwDAJljcPClrw5KUV0iflqT7k/vvJdq63G1Jyi5lEpSkfELGoCRdj1x3Scps0tElKQDAJljcPClrw5KUV0iflqT7k/vvJXrK368///35+puf+h8P390fg7D3fTgladE/OCXfh+EZLo75qeXpSXdGn/RAnlaSskuZBCUpn5AxKEnXI9ddkjKbdHRJCgCwCRY3T8rasCTlFdKnJen+5P57iZ5xUwC71L3uK2PHpDt0KbNdWqZUduXS4PTDzdnuk6bcbUnKLmUSlKR8QsagJF2PXHdJymzS0SUpAMAmWNw8KWvDkpRXSJ+WpPuT++8lesJNAWxYORupcn0fztWz+l5a/5xr/QnPz+6a/3f4UkTjpTIJSlI+IWNQkq5HrrskZTbp6JIUAGATLG6elLUh80uP70/uv5fo16qQ1RW6jg/6eteYyWPHA4MyXNfm9LhO3Edddg7O7pOmvGhJyi5lEpSkfELGoCRdj1x3Scps0tElKQDAJljcPClrQ+aXHt+f3H8v0S+dy1in75/19a6RgthQ1/JwGPxH1PqvodVP5xOeTnVyn5ydz/JDeVpJyi5lEpSkfELGoCRdj1x3Scps0tElKQDAJljcPClrQ+aXHt+f3H8v0S9d/h5mVy3LT1NFtNPhLrmphx0O9VW026f0Jbfb+trZfdKUVyxJ2aVMgpKUT8gYlKTrkesuSZlNOrokBQDYBIubJ2VtyPzS4/uT++8l+t//xr7vNSEVrO+UwLr/xtn31NMvpbGulnZVKBvUzgY1s06duaeIxmtlEpSkfELGoCRdj1x3Scps0tElKQDAJljcPClrQ+aXHt+f3H8v0a/dlL3O5bCbx52uenbn1ODUtPvfwcm6otxXnnNsdl8yu0+aTmc7S8ouZRKUpHxCxqAkXY9cd0nKbNLRJSkAwCZY3MBCZf/RS/RLXdnrrCtoXQVDw2JZ/9SbH1JhO/+cM11+Hj+1IhpPyyQoSfmEjEFJuh657pKU2aSjS1IAgE2wuIGFyv6jl+hfDQtjV0Wy3rBS1h0dlsD6Y9fNrx2f4JtovFAmQUnKJ2QMStL1yHWXpMwmHV2SAgBsgsUNLFT2H71ET+nqYb3T38icLqLF3bfOUkE7HP/3piqWpl2siMZrZRKUpHxCxqAkXY9cd0nKbNLRJSkAwCZY3MBCZf/RS/RLp/LZoJJ1CsacSmaD+lnf9Pjg9JTT4f7x6XSnloNC2/GYIhovlElQkvIJGYOSdD1y3SUps0lHl6QAAJtgcQMLlf1HL9G/6qpgg8LXlb4sdlP1On0F7eoJXXRzipTeJvymkJanlKTsUiZBSconZAxK0vXIdZekzCYdXZICAGyCxQ0sVPYfvURbl7stSdmlTIKS9Beui7vnYu5oJXmqEDwsAR/b/ParlVuR3ihJ1yPXXZIym3R0SQoAsAkWN7BQ2X/0Em1d7rYkZZcyCUrSX7gUva7KX4++jjly8PK3khXRStL1yHWXpMwmHV2SAgBsgsUNLFT2H71EW5e7LUnZpUyCkvQXzkWv44NBYexSFbs3ckwR7ShjUJKuR667JGU26eiSFABgEyxuYKGy/+gl2rrcbUnKLmUSlKS/kKLX7ZfLHtTCuqZD3dMU0Y7SHyXpeuS6S1Jmk44uSQEANsHiBhYq+49eoq3L3Zak7FImQUn6C6ei113p6xhM/HXO45HLgXqeItpRxqAkXY9cd0nKbNLRJSkAwCZY3MBCZf+xY+kIdimToCT9hRS9br6J1n/bbKwYdqmWdc4/KaIdZQxK0vXIdZekzCYdXZICAGyCxQ0sVPYfO5aOYJcyCUrSXzgXva6qX8cfju6rYcd8UGq7PEUR7agfgYuk65HrLkmZTTq6JAUA2ASLG1io7D92LB3BLmUSlKS/cCl6Dcpf/cPvqy+ddU4t+m+p/fff4Wvw5TVFtKN+BC6SrkeuuyRlNunokhQAYBMsbmChsv/YsXQEu5RJUJL+wkgRrauSdY+6P4f/XbTvw6U81lfSrn68Pcv+ZAxK0vXIdZekzCYdXZICAGyCxQ0sVPYfO5aOYJcyCUrSX+iKXofD6d/bPFXMBmWwyYpY1dmKItpR34cXSdcj112SMpt0dEkKALAJFjcALE723yXpL9wUvW6rY8fDV99G642GoYhWkq5HrrskXYZuXl5NucyzR1Nx8dLRJSkAwCZY3ACwONl/l6S/MCx6dRWJu5JEV74YhLdVtluKaCXpeuS6S9JlmCqiHbVm5HKlo0tSAIBNsLgBYHGy/y5Jf+FcjHhQi6g6Wv05oq+/ney1hqaINqO7ItoxWP1ES0eXpAAAm2BxA8DiZP9dkvIJGYOSdD1y3SXppw3Ks52qnJ2KaH1ZN9ZXU8uFl6QAAJtgcQPA4mT/XZLyCRmDknQ9ct0l6SIMvgM5rJut/FuPuYmSFABgEyxuAFic7L9LUj4hY1CSrkeuuyRdgnPhbFA06/8e8tfwa2rjf9F4wXLdJSkAwCZY3ACwONl/l6R8QsagJF2PXHdJugDfhz+HQ//fRDs++voefhVtdYWzodxDSQoAsAkWNwAsTvbfJSmfkDEoSdcj112Sflr3LbTD9+l/E51c/n3O/AfS+odrko4uSQEANsHiBoDFyf67JOUTMgYl6XrkukvST/s+dMWzkSJaou6P//58ff9VRAMAWBCLGwAWJ/vvkpRPyBiUpOuR6y5Jl2GkiHYqn53/Rufgi2lr0XfzRVIAgE2wuAFgcbL/Lkn5hIxBSboeue6SdBluimjfp39Q4M+fP1U5W2ENzZsXANgyixsAFif775KUT8gYlKTrkesuSZehimipnp3raadvox2+u/z2m2qL19/KRVIAgE2wuAFgcbL/Lkn5hIxBSboeuW4+JMMAALAJFjcALE723yUpn5AxKEnXI9fNh2QYAAA2weIGgMXJ/rsk5RMyBiXpeuS6+ZAMAwDAJljcALA42X+XpHxCxqAkXY9cNx+SYQAA2ASLGwAWJ/vvkpRPyBiUpOuR6+ZDMgwAAJtgcQPA4mT/zfJkhAAAYH+shgFYnBRsWJ6MEAAA7I/VMACLk4INy5MRAgCA/bEaBmBxUrBheTJCAACwP1bDACxOCjYsT0YIAAD2x2oYAAAAABoU0QAAAACgQRENAAAAABoU0QAAAACgQRENAAAAABoU0QAAAACgQRENAAAAABoU0QAAAACgQRENAAAAABoU0QAAAACgQRENAAAAABoU0QAAAACgQRENAAAAABoU0QAAAACgQRENAAAAABoU0QAAAACgQRENAAAAABoU0QAAAACgQRENAAAAABoU0QAAAACgQRENAAAAABoU0QAAAACgQRENAAAAABoU0QAAAACgQRENAAAAABoU0QAAAACgQRENAAAAABoU0QAAAACgQRENAAAAABoU0QAAAACgQRENAAAAABoU0QAAAACgQRENAAAAABoU0QAAAACgQRENAAAAABoU0QAAAACgQRENAAAAABoU0QAAAACgQRENAAAAABoU0QAAAACgQRENAAAAABoU0QAAAACgQRENAAAAABoU0QAAAACgQRENAAAAABoU0QAAAACgQRENAAAAABoU0QAAAACgQRENAAAAABoU0QAAAACgQRENAAAAABoU0QAAAACgQRENAAAAABoU0QAAAACgQRENAAAAABoU0QAAAACgQRENAAAAABoU0QAAAACgQRENAAAAABoU0QAAAACgQRENAAAAABoU0QAAAACgQRENAAAAABoU0QAAAACgQRENAAAAABoU0QAAAACgQRENAAAAABoU0QAAAACgQRENAAAAABoU0QAAAACgQRENAAAAABoU0QAAAACgQRENAAAAABoU0QAAAACgQRENAAAAABoU0QAAAACgQRENAAAAABoU0QAAAACgQRENAAAAABoU0QAAAACgQRENAAAAABoU0QAAAACgQRENAAAAABoU0QAAAACgQRENAAAAABoU0QAAAACgQRENAAAAABoU0QAAAACgQRENAAAAABoU0QAAAACgQRENAAAAABoU0QAAAACgQRENAAAAABoU0QAAAACgQRENAAAAABoU0QAAAACgQRENAAAAABoU0QAAAACgQRENAAAAABoU0QAAAACgQRENAAAAABoU0QAAAACgQRENAAAAABoU0QAAAACgQRENAAAAABoU0QAAAACgQRENAAAAABoU0QAAAACgQRENAAAAABoU0QAAAACgQRENAAAAABoU0QAAAACgQRENAAAAABoU0QAAAACgQRENAAAAABoU0QAAAACgQRENAAAAABoU0QAAAACgQRENAAAAABoU0QAAAACgQRENAAAAABoU0QAAAACgQRENAAAAABoU0QAAAACgQRENAAAAABoU0QAAAACgQRENAAAAABoU0QAAAACgQRENAAAAABoU0QAAAACgQRENAAAAABoU0QAAAACgQRENAAAAABoU0QAAAACgQRENAAAAABoU0QAAAACgQRENAAAAABoU0QAAAACgQRENAAAAABoU0QAAAACgQRENAAAAABoU0QAAAACgQRENAAAAABoU0QAAAACgQRENAAAAABoU0QAAAACgQRENAAAAABoU0QAAAACgQRENAAAAABoU0QAAAACgQRENAAAAABoU0QAAAACgQRENAAAAABoU0QAAAACgQRENAAAAABoU0QAAAACgQRENAAAAABoU0QAAAACgQRENAAAAABoU0QAAAACgQRENAAAAABoU0QAAAACgQRENAAAAABoU0QAAAACgQRENAAAAABoU0QAAAACgQRENAAAAABoU0QAAAACgQRENAAAAABoU0QAAAACgQRENAAAAABoU0QAAAACgQRENAAAAABoU0QAAAACgQRENAAAAABoU0QAAAACgQRENAAAAABoU0QAAAACgQRENAAAAABoU0QAAAACgQRENAAAAABoU0QAAAACgQRENAAAAABoU0QAAAACgQRENAAAAABoU0QAAAACgQRENAAAAABoU0QAAAACgQRENAAAAABoU0QAAAACgQRENAAAAABoU0QAAAACgQRENAAAAABoU0QAAAACgQRENAAAAABoU0QAAAACgQRENAAAAABoU0QAAAACgQRENAAAAABoU0QAAAACgQRENAAAAABoU0QAAAACgQRENAAAAABoU0QAAAACgQRENAAAAABoU0QAAAACgQRENAAAAABoU0QAAAACgQRENAAAAABoU0QAAAACgQRENAAAAABoU0QAAAACgQRENAAAAABoU0QAAAACgQRENAAAAABoU0QAAAACgQRENAAAAABoU0QAAAACgQRENAAAAABoU0QAAAACgQRENAAAAABoU0QAAAACgQRENAAAAABoU0QAAAACgQRENAAAAABoU0QAAAACgQRENAAAAABoU0QAAAACgQRENAAAAABoU0QAAAACgQRENAAAAABoU0QAAAACgQRENAAAAABoU0QAAAACgQRENAAAAABoU0QAAAACgQRENAAAAABoU0QAAAACgQRENAAAAABoU0QAAAACgQRENAAAAABoU0QAAAACgQRENAAAAABoU0QAAAACgQRENAAAAABoU0QAAAACgQRENAAAAABoU0QAAAACgQRENAAAAABoU0QAAAACgQRENAAAAABoU0QAAAACgQRENAAAAABoU0QAAAACgQRENAAAAABoU0QAAAACgQRENAAAAABoU0QAAAACgQRENAAAAABoU0QAAAACgQRENAAAAABoU0QAAAACgQRENAAAAABoU0QAAAACgQRENAAAAABoU0QAAAACgQRENAAAAABoU0QAAAACgQRENAAAAABoU0QAAAACgQRENAAAAABoU0QAAAACgQRENAAAAABoU0QAAAACgQRENAAAAABoU0QAAAACgQRENAAAAABoU0QAAAACgQRENAAAAABoU0QAAAACgQRENAAAAABoU0QAAAACgQRENAAAAABoU0QAAAACgQRENAAAAABoU0QAAAACgQRENAAAAABoU0QAAAACgQRENAAAAABoU0QAAAACgQRENAAAAABoU0QAAAACgQRENAAAAABoU0QAAAACgQRENAAAAABoU0QAAAACgQRENAAAAABoU0QAAAACgQRENAAAAABoU0QAAAACgQRENAAAAABoU0QAAAACgQRENAAAAABoU0QAAAACgQRENAAAAABoU0QAAAACgQRENAAAAABoU0QAAAACgQRENAAAAABoU0QAAAACgQRENAAAAABoU0QAAAACgQRENAAAAABoU0QAAAACgQRENAAAAABoU0QAAAACgQRENAAAAABoU0QAAAACgQRENAAAAABoU0QAAAACgQRENAAAAABoU0QAAAACgQRENAAAAABoU0QAAAACgQRENAAAAABoU0QAAAACgQRENAAAAABoU0QAAAACgQRENAAAAABoU0QAAAACgQRENAAAAABoU0QAAAACgQRENAAAAABoU0QAAAACgQRENAAAAABoU0QAAAACgQRENAAAAABoU0QAAAADgof/97/82GGgo5FeNswAAAABJRU5ErkJggg==',213,'2019-03-24 17:16:30',0);
/*!40000 ALTER TABLE `CH_IMAGE` ENABLE KEYS */;
UNLOCK TABLES;

--
-- Table structure for table `CH_PERMISSION`
--

DROP TABLE IF EXISTS `CH_PERMISSION`;
/*!40101 SET @saved_cs_client     = @@character_set_client */;
/*!40101 SET character_set_client = utf8 */;
CREATE TABLE `CH_PERMISSION` (
  `PERMISSION_ID` int(11) NOT NULL COMMENT '权限id',
  `PERMISSION_NAME` varchar(30) NOT NULL COMMENT '权限名',
  `PERMISSION_DESC` varchar(100) DEFAULT NULL COMMENT '权限描述',
  PRIMARY KEY (`PERMISSION_ID`)
) ENGINE=InnoDB DEFAULT CHARSET=utf8;
/*!40101 SET character_set_client = @saved_cs_client */;

--
-- Dumping data for table `CH_PERMISSION`
--

LOCK TABLES `CH_PERMISSION` WRITE;
/*!40000 ALTER TABLE `CH_PERMISSION` DISABLE KEYS */;
/*!40000 ALTER TABLE `CH_PERMISSION` ENABLE KEYS */;
UNLOCK TABLES;

--
-- Table structure for table `CH_ROLE`
--

DROP TABLE IF EXISTS `CH_ROLE`;
/*!40101 SET @saved_cs_client     = @@character_set_client */;
/*!40101 SET character_set_client = utf8 */;
CREATE TABLE `CH_ROLE` (
  `ROLE_ID` bigint(20) NOT NULL COMMENT '角色id',
  `ROLE_NAME` varchar(30) NOT NULL COMMENT '角色名',
  `ROLE_DESC` varchar(100) DEFAULT NULL COMMENT '角色描述',
  PRIMARY KEY (`ROLE_ID`)
) ENGINE=InnoDB DEFAULT CHARSET=utf8;
/*!40101 SET character_set_client = @saved_cs_client */;

--
-- Dumping data for table `CH_ROLE`
--

LOCK TABLES `CH_ROLE` WRITE;
/*!40000 ALTER TABLE `CH_ROLE` DISABLE KEYS */;
/*!40000 ALTER TABLE `CH_ROLE` ENABLE KEYS */;
UNLOCK TABLES;

--
-- Table structure for table `CH_ROLE_PERMISSION`
--

DROP TABLE IF EXISTS `CH_ROLE_PERMISSION`;
/*!40101 SET @saved_cs_client     = @@character_set_client */;
/*!40101 SET character_set_client = utf8 */;
CREATE TABLE `CH_ROLE_PERMISSION` (
  `ROLE_ID` int(11) NOT NULL,
  `PERMISSION_ID` int(11) NOT NULL
) ENGINE=InnoDB DEFAULT CHARSET=utf8;
/*!40101 SET character_set_client = @saved_cs_client */;

--
-- Dumping data for table `CH_ROLE_PERMISSION`
--

LOCK TABLES `CH_ROLE_PERMISSION` WRITE;
/*!40000 ALTER TABLE `CH_ROLE_PERMISSION` DISABLE KEYS */;
/*!40000 ALTER TABLE `CH_ROLE_PERMISSION` ENABLE KEYS */;
UNLOCK TABLES;

--
-- Table structure for table `CH_USER`
--

DROP TABLE IF EXISTS `CH_USER`;
/*!40101 SET @saved_cs_client     = @@character_set_client */;
/*!40101 SET character_set_client = utf8 */;
CREATE TABLE `CH_USER` (
  `USER_ID` int(11) NOT NULL COMMENT '用户id',
  `USERNAME` varchar(20) NOT NULL COMMENT '用户名',
  `PASSWORD` varchar(100) NOT NULL COMMENT '密码',
  PRIMARY KEY (`USER_ID`)
) ENGINE=InnoDB DEFAULT CHARSET=utf8;
/*!40101 SET character_set_client = @saved_cs_client */;

--
-- Dumping data for table `CH_USER`
--

LOCK TABLES `CH_USER` WRITE;
/*!40000 ALTER TABLE `CH_USER` DISABLE KEYS */;
/*!40000 ALTER TABLE `CH_USER` ENABLE KEYS */;
UNLOCK TABLES;

--
-- Table structure for table `CH_USER_INFO`
--

DROP TABLE IF EXISTS `CH_USER_INFO`;
/*!40101 SET @saved_cs_client     = @@character_set_client */;
/*!40101 SET character_set_client = utf8 */;
CREATE TABLE `CH_USER_INFO` (
  `USER_ID` int(11) NOT NULL COMMENT '用户id',
  `USER_NAME_ZH_CN` varchar(50) DEFAULT NULL COMMENT '用户中文名',
  `USER_NAME_EN_US` varchar(100) DEFAULT NULL COMMENT '用户英文名',
  `GENDER` char(5) DEFAULT NULL COMMENT '性别',
  `AGE` int(11) DEFAULT NULL COMMENT '年龄',
  `ADDRESS` varchar(200) DEFAULT NULL COMMENT '地址',
  `EMAIL` varchar(30) DEFAULT NULL COMMENT '邮箱',
  `PHONE_NUNBER` varchar(30) DEFAULT NULL COMMENT '电话号码',
  `CREATION_DATE` timestamp NULL DEFAULT CURRENT_TIMESTAMP COMMENT '创建时间',
  `LAST_UPDATE_DATE` timestamp NULL DEFAULT CURRENT_TIMESTAMP COMMENT '最后更新时间',
  PRIMARY KEY (`USER_ID`)
) ENGINE=InnoDB DEFAULT CHARSET=utf8;
/*!40101 SET character_set_client = @saved_cs_client */;

--
-- Dumping data for table `CH_USER_INFO`
--

LOCK TABLES `CH_USER_INFO` WRITE;
/*!40000 ALTER TABLE `CH_USER_INFO` DISABLE KEYS */;
/*!40000 ALTER TABLE `CH_USER_INFO` ENABLE KEYS */;
UNLOCK TABLES;

--
-- Table structure for table `CH_USER_ROLE`
--

DROP TABLE IF EXISTS `CH_USER_ROLE`;
/*!40101 SET @saved_cs_client     = @@character_set_client */;
/*!40101 SET character_set_client = utf8 */;
CREATE TABLE `CH_USER_ROLE` (
  `USER_ID` bigint(20) NOT NULL,
  `ROLE_ID` bigint(20) NOT NULL
) ENGINE=InnoDB DEFAULT CHARSET=utf8;
/*!40101 SET character_set_client = @saved_cs_client */;

--
-- Dumping data for table `CH_USER_ROLE`
--

LOCK TABLES `CH_USER_ROLE` WRITE;
/*!40000 ALTER TABLE `CH_USER_ROLE` DISABLE KEYS */;
/*!40000 ALTER TABLE `CH_USER_ROLE` ENABLE KEYS */;
UNLOCK TABLES;
/*!40103 SET TIME_ZONE=@OLD_TIME_ZONE */;

/*!40101 SET SQL_MODE=@OLD_SQL_MODE */;
/*!40014 SET FOREIGN_KEY_CHECKS=@OLD_FOREIGN_KEY_CHECKS */;
/*!40014 SET UNIQUE_CHECKS=@OLD_UNIQUE_CHECKS */;
/*!40101 SET CHARACTER_SET_CLIENT=@OLD_CHARACTER_SET_CLIENT */;
/*!40101 SET CHARACTER_SET_RESULTS=@OLD_CHARACTER_SET_RESULTS */;
/*!40101 SET COLLATION_CONNECTION=@OLD_COLLATION_CONNECTION */;
/*!40111 SET SQL_NOTES=@OLD_SQL_NOTES */;

-- Dump completed on 2019-03-25  2:59:28
